pmid,doi,title,authors,journal,year,design,referenced_by_count,referenced_by
30000830,,Milk Thistle,,,2026,Narrative review,1,/herbs/milk-thistle/
30000896,,Dong Quai,,,2026,Narrative review,1,/herbs/dong-quai/
41150909,10.1094/PDIS-10-25-2132-SC,Trunk Injection of a Curry Leaf Extract to Promote Citrus Tree Health in Huanglongbing-Endemic Regions,Aglave T et al.,Plant Dis,2026,Unclassified,1,/herbs/curry-leaf/
41500295,10.1016/j.phrs.2026.108088,Fig-derived exosome-like nanoparticles attenuating bone metastasis of breast cancer through establishing an anti-tumor microenvironment,Wang DD et al.,Pharmacol Res,2026,Unclassified,1,/herbs/ficus-carica/
41554764,10.1038/s41598-025-27861-6,"Lactiplantibacillus plantarum Lp815 improves sleep and increases urinary GABA in a randomized, double-blind, placebo-controlled study of sleep disturbance",Grant AD et al.,Sci Rep,2026,Randomized controlled trial,1,/compounds/gaba/
41655513,10.1016/j.plaphy.2026.111088,Transcriptome analysis of Stephania cepharantha and characterization of two CYP80B genes involved in the benzylisoquinoline alkaloid biosynthesis,Feng Y et al.,Plant Physiol Biochem,2026,Unclassified,1,/herbs/stephania-cepharantha/
41800803,10.1002/ame2.70157,Methylophiopogonanone a attenuates pulmonary fibrosis by inhibiting SPP1-mediated macrophage polarization via the PI3K/Akt pathway,Yang F et al.,Animal Model Exp Med,2026,Unclassified,1,/herbs/ophiopogon/
41841386,10.1021/acs.joc.6c00056,Divergent Synthesis of Mogrosides,Petrović G et al.,J Org Chem,2026,Unclassified,1,/herbs/luo-han-guo/
41855365,,Broccoli,,,2026,Narrative review,1,/herbs/brassica-oleracea/
41875856,10.1016/j.cub.2026.01.057,Noni Franklin-Tong,Franklin-Tong N,Curr Biol,2026,Unclassified,1,/herbs/noni/
42196951,10.3390/nu18101491,Characterization of Isoorientin and Paeoniflorin as Botanical Glucocorticoid Receptor Modulators from White Peony and Chasteberry,Bashatwah RM et al.,Nutrients,2026,Unclassified,1,/herbs/white-peony/
30000526,,Interferon Alfacon-1,,,2025,Narrative review,1,/herbs/tyrosine/
30000829,,St. John's Wort,,,2025,Narrative review,1,/herbs/st-johns-wort/
30000850,,Caraway,,,2025,Narrative review,1,/herbs/caraway/
30000886,,Basil,,,2025,Narrative review,1,/herbs/ocimum-basilicum/
30000922,,Rhubarb,,,2025,Narrative review,1,/herbs/rheum-palmatum/
30000936,,Black Seed,,,2025,Narrative review,2,/herbs/black-seed/ /herbs/caraway/
35349239,,Black Pepper,,,2025,Narrative review,1,/herbs/piper-longum/
38561618,10.2174/0109298673260515240322074849,The Effects of Curcumin Plus Piperine Co-administration on Inflammation and Oxidative Stress: A Systematic Review and Meta-analysis of Randomized Controlled Trials,Hosseini H et al.,Curr Med Chem,2025,Meta-analysis,1,/compounds/curcumin-piperine/
39368758,10.1016/j.jep.2024.118888,"Exploring the liver toxicity mechanism of Tripterygium wilfordii extract based on metabolomics, network pharmacological analysis and experimental validation",Zhou GL et al.,J Ethnopharmacol,2025,Narrative review,1,/herbs/tripterygium-wilfordii/
39477683,10.1080/15548627.2024.2421699,Atractylenolide I inhibits angiogenesis and reverses sunitinib resistance in clear cell renal cell carcinoma through ATP6V0D2-mediated autophagic degradation of EPAS1/HIF2α,Li Q et al.,Autophagy,2025,Unclassified,1,/herbs/atractylodes-macrocephala/
39482471,10.1038/s41401-024-01404-7,"Poria cocos: traditional uses, triterpenoid components and their renoprotective pharmacology",Guo ZY et al.,Acta Pharmacol Sin,2025,Narrative review,1,/herbs/poria/
39616734,10.1016/j.phymed.2024.156282,Plumbagin alleviates muscle atrophy in female mice through inhibiting the DANCR/NF-κB axis,Liu Y et al.,Phytomedicine,2025,Unclassified,1,/herbs/plumbago-zeylanica/
39719741,10.1016/j.biopha.2024.117784,Olive leaf extract (OLE) reduces mast cell-mediated allergic inflammation,Somma F et al.,Biomed Pharmacother,2025,Unclassified,1,/herbs/olea-europaea/
39731715,10.1111/1541-4337.70081,"Beverages developed from pseudocereals (quinoa, buckwheat, and amaranth): Nutritional and functional properties",Li H et al.,Compr Rev Food Sci Food Saf,2025,Narrative review,1,/herbs/buckwheat/
39845379,10.1093/sexmed/qfaf001,Nutraceutical and low energy shockwave treatments improved sexual function recovery in a rat pelvic neurovascular injury model,Crisostomo-Wynne TC et al.,Sex Med,2025,Unclassified,1,/herbs/muira-puama/
39853578,10.1007/s11916-025-01358-3,"Nutraceuticals and Headache 2024: Riboflavin, Coenzyme Q10, Feverfew, Magnesium, Melatonin, and Butterbur",Tepper SJ and Tepper K,Curr Pain Headache Rep,2025,Narrative review,1,/herbs/feverfew/
39904199,10.1016/j.phymed.2025.156365,Exploring the active components and potential mechanisms of Zhimu-Huangbai herb-pair in the treatment of depression,Lei X et al.,Phytomedicine,2025,Unclassified,1,/herbs/anemarrhena-asphodeloides/
39940699,10.3390/ijms26030930,Network Pharmacology and Bioinformatics Study of Six Medicinal Food Homologous Plants Against Colorectal Cancer,Zhao X et al.,Int J Mol Sci,2025,Unclassified,1,/herbs/pueraria-lobata/
39942757,10.3390/molecules30030654,"Epigallocatechin Gallate (EGCG): Pharmacological Properties, Biological Activities and Therapeutic Potential",Capasso L et al.,Molecules,2025,Narrative review,1,/compounds/green-tea-extract-egcg/
39942962,10.3390/plants14030400,Aromatherapy and Essential Oils: Holistic Strategies in Complementary and Alternative Medicine for Integral Wellbeing,Caballero-Gallardo K et al.,Plants (Basel),2025,Narrative review,1,/herbs/calamus/
39954619,10.1016/j.phymed.2025.156482,Curcuma wenyujin extract alleviates cognitive deficits and restrains pyroptosis through PINK1/Parkin mediated autophagy in Alzheimer's disease,Qi Y et al.,Phytomedicine,2025,Unclassified,1,/herbs/curcuma-wenyujin/
40050867,10.1186/s12985-025-02666-1,Antiviral treatment for viral pneumonia: current drugs and natural compounds,Zhang H et al.,Virol J,2025,Narrative review,1,/herbs/houttuynia/
40089686,10.1186/s10020-025-01152-2,Epimedium brevicornum Maxim alleviates diabetes osteoporosis by regulating AGE-RAGE signaling pathway,Lei SS et al.,Mol Med,2025,Unclassified,1,/herbs/epimedium-brevicornum/
40115263,10.3389/fphar.2025.1520392,Paeonia suffruticosa Andrews root extract ameliorates photoaging via regulating IRS1/PI3K/FOXO pathway,Liu J et al.,Front Pharmacol,2025,Unclassified,1,/herbs/paeonia-suffruticosa/
40125913,10.1080/19390211.2025.2480582,Damiana (Turnera diffusa) Reduces Adipocyte Cell Differentiation and Ameliorates Myocyte Glucose Uptake,Chae HS et al.,J Diet Suppl,2025,Unclassified,1,/herbs/damiana/
40143483,10.47391/JPMA.11610,A narrative review on the role of traditional Chinese medicine (TCM) in treating coronary artery disease,Zhang A et al.,J Pak Med Assoc,2025,Narrative review,1,/herbs/schisandra-berry/
40176912,10.3389/fphar.2025.1527210,"Traditional usages, chemical metabolites, pharmacological activities, and pharmacokinetics of Boesenbergia rotunda (L.) Mansf.: a comprehensive review",Wang Y et al.,Front Pharmacol,2025,Narrative review,1,/herbs/fingerroot/
40205009,10.1038/s41401-025-01547-1,Wogonin attenuates septic cardiomyopathy by suppressing ALOX15-mediated ferroptosis,Ye H et al.,Acta Pharmacol Sin,2025,Unclassified,1,/herbs/scutellaria-lateriflora/
40214514,10.1021/acsnano.5c00355,Somatostatin and Mannooligosaccharide Modified Selenium Nanoparticles with Dual-Targeting for Ulcerative Colitis Treatment,Ye R et al.,ACS Nano,2025,Unclassified,1,/herbs/eucommia/
40220415,10.1016/j.phymed.2025.156708,Scutellaria baicalensis Extracts Restrict Intestinal Epithelial Cell Ferroptosis by Regulating Lipid Peroxidation and GPX4/ACSL4 in Colitis,Zhang J et al.,Phytomedicine,2025,Unclassified,1,/herbs/scutellaria-baicalensis/
40235541,10.3389/fphar.2025.1523176,"Ligusticum chuanxiong: a chemical, pharmacological and clinical review",Wang Y et al.,Front Pharmacol,2025,Narrative review,2,/herbs/chuanxiong/ /herbs/ligusticum-chuanxiong/
40248109,10.34133/research.0675,Perilla frutescens Leaf-Derived Extracellular Vesicle-Like Particles Carry Pab-miR-396a-5p to Alleviate Psoriasis by Modulating IL-17 Signaling,Liu Y et al.,Research (Wash D C),2025,Unclassified,1,/herbs/perilla/
40284172,10.3390/nu17081307,"Lion's Mane Mushroom (Hericium erinaceus): A Neuroprotective Fungus with Antioxidant, Anti-Inflammatory, and Antimicrobial Potential-A Narrative Review",Contato AG and Conte-Junior CA,Nutrients,2025,Narrative review,2,/herbs/hericium-erinaceus/ /herbs/lions-mane/
40302443,10.1177/18796397251337000,Huntington's disease clinical trials update: March 2025,Farag M et al.,J Huntingtons Dis,2025,Narrative review,1,/herbs/sage/
40317096,10.1186/s41043-025-00899-y,"Nutritional and herbal interventions for polycystic ovary syndrome (PCOS): a comprehensive review of dietary approaches, macronutrient impact, and herbal medicine in management",Muhammed Saeed AA et al.,J Health Popul Nutr,2025,Narrative review,1,/herbs/fennel/
40321800,10.2147/IJN.S514930,"Mechanistic Insights into the Anti-Glioma Effects of Exosome-Like Nanoparticles Derived from Garcinia Mangostana L.: A Metabolomics, Network Pharmacology, and Experimental Study",Luo X et al.,Int J Nanomedicine,2025,Unclassified,1,/herbs/garcinia-mangostana/
40332350,10.3390/ijms26083739,Maral Root Extract and Its Main Constituent 20-Hydroxyecdysone Enhance Stress Resilience in Caenorhabditis elegans,Todorova V et al.,Int J Mol Sci,2025,Unclassified,1,/herbs/maral-root/
40348378,10.1016/j.jvsv.2025.102258,The role of venoactive compounds in the treatment of chronic venous disease,Gloviczki ML et al.,J Vasc Surg Venous Lymphat Disord,2025,Narrative review,1,/herbs/horse-chestnut/
40362563,10.3390/ijms26094326,Peumus boldus Extract Inhibits Lipid Accumulation in 3T3-L1 Adipocytes,Montaldo L et al.,Int J Mol Sci,2025,Unclassified,1,/herbs/boldo/
40375936,10.1007/s13205-025-04332-3,Unlocking the potential of Artemisia annua for artemisinin production: current insights and emerging strategies,Vashisth D and Mishra S,3 Biotech,2025,Narrative review,1,/herbs/artemisia-annua/
40378325,,Migraine Headache Prophylaxis,Moreland P et al.,Am Fam Physician,2025,Narrative review,1,/herbs/feverfew/
40490795,10.1186/s12951-025-03506-8,Atractylodes macrocephala-derived extracellular vesicles-like particles enhance the recovery of ulcerative colitis by remodeling intestinal microecological balance,Tan X et al.,J Nanobiotechnology,2025,Unclassified,2,/herbs/atractylodes-macrocephala/ /herbs/atractylodes/
40512457,10.23736/S2724-5276.25.07848-6,Natural antitussive products for children and adolescents: darkness and shadow,Ciprandi G,Minerva Pediatr (Torino),2025,Unclassified,1,/herbs/plantago-lanceolata/
40527063,10.1016/j.phymed.2025.156970,Mulberry leaf improves type 2 diabetes in mice via gut microbiota-SCFAs-GPRs axis and AMPK signaling pathway,Zhang Y et al.,Phytomedicine,2025,Unclassified,1,/herbs/mulberry-leaf/
40527613,10.1111/bph.70103,Galangin alleviates vitiligo by targeting ANXA2 degradation in macrophages,Wei W et al.,Br J Pharmacol,2025,Unclassified,1,/herbs/galangal/
40554037,10.1016/j.joca.2025.06.005,"Effect of a combination of C. longa and B. serrata extracts on hand osteoarthritis. Results of a double-blind, randomized, placebo-controlled, multicenter trial",Henrotin Y et al.,Osteoarthritis Cartilage,2025,Randomized controlled trial,1,/compounds/boswellia/
40613623,10.26355/eurrev_202506_37275,Exploring nutraceutical solutions for prediabetes: a narrative review on the effects of banaba and chromium picolinate,Derosa G et al.,Eur Rev Med Pharmacol Sci,2025,Narrative review,1,/herbs/lagerstroemia-speciosa/
40706130,10.1016/j.vetmic.2025.110647,Antiviral activity of Stephania japonica extract against porcine epidemic diarrhea virus infection,Zhao Y et al.,Vet Microbiol,2025,Unclassified,1,/herbs/stephania-japonica/
40708494,10.1142/S0192415X25500508,The Role of Chinese Medicine in the Treatment of Chronic Hepatitis B,Zheng S et al.,Am J Chin Med,2025,Narrative review,1,/herbs/artemisia-capillaris/
40751788,10.1007/s11418-025-01940-4,Metabolism of coclaurine into the WADA-banned substance higenamine: a doping-relevant analytical evaluation of Kampo extracts,Sakamoto S et al.,J Nat Med,2025,Unclassified,1,/herbs/magnolia-officinalis/
40808332,10.1111/cns.70540,"Levodopa and Plant-Derived Bioactive Compounds in Parkinson's Disease: Mechanisms, Efficacy, and Future Perspectives",Aktaş E et al.,CNS Neurosci Ther,2025,Systematic review,1,/herbs/mucuna/
40918053,10.2147/NSS.S524348,"Magnesium Bisglycinate Supplementation in Healthy Adults Reporting Poor Sleep: A Randomized, Placebo-Controlled Trial",Schuster J et al.,Nat Sci Sleep,2025,Uncontrolled trial,1,/compounds/glycinate-magnesium-complex/
40941781,10.3390/plants14172616,Identification of Daphnane Diterpenoids from Flower Buds and Blooming Flowers of Daphne odora Using UHPLC-Q-Exactive-Orbitrap MS,Otsuki K et al.,Plants (Basel),2025,Unclassified,1,/herbs/daphne-odora/
40986632,10.1177/12034754251368849,A Canadian Consensus on Androgenetic Alopecia: Approach and Management,Landells I et al.,J Cutan Med Surg,2025,Unclassified,1,/herbs/mangosteen/
41031161,10.3389/fphar.2025.1651023,Stephania tetrandra S. Moore: a promising candidate drug for treating diabetic kidney disease,Wang W et al.,Front Pharmacol,2025,Narrative review,1,/herbs/stephania-tetrandra/
41052496,10.1016/j.plaphy.2025.110583,"Integrated breeding strategies for blue lotus based on petal pH, anthocyanin profiling, and gene expression analysis",Liu Q et al.,Plant Physiol Biochem,2025,Unclassified,1,/herbs/blue-lotus/
41106096,10.1016/j.phymed.2025.157378,"Cistanche deserticola extract and its active components, echinacoside, ameliorate sarcopenia by activating the IGF-1/PI3K-AKT pathway to modulate ferroptosis",Wang X et al.,Phytomedicine,2025,Unclassified,2,/herbs/cistanche-deserticola/ /herbs/cistanche/
41155688,10.3390/ph18101576,"A Review on Phytochemistry, Ethnopharmacology, and Antiparasitic Potential of Mangifera indica L",Mendonça D et al.,Pharmaceuticals (Basel),2025,Narrative review,1,/herbs/mangifera-indica/
41272020,10.1038/s41598-025-25270-3,"Exploring the potential mechanisms of anti-pulmonary fibrosis effects of Luo Han Guo via network pharmacology, molecular docking, and experimental validation",Cui Q et al.,Sci Rep,2025,Unclassified,1,/herbs/luo-han-guo/
41288788,10.1007/s11011-025-01750-3,Eucommia ulmoides Oliver (Duzhong) extract ameliorates cerebral ischemic stroke in mice by remodeling intestinal microbiota and metabolites,Qi X et al.,Metab Brain Dis,2025,Unclassified,1,/herbs/eucommia/
41353162,10.1186/s40659-025-00647-w,"Boldo leaves reduce seizures, neuroinflammation, and hemichannel activity in a murine model of chronic epilepsy",García-Rodríguez C et al.,Biol Res,2025,Unclassified,1,/herbs/boldo/
41498029,10.1155/mi/2808908,Immunomodulatory Mechanisms of Rehmanniae Radix Praeparata-Achyranthes Root-Chinese Angelica Root Combination in Nontraumatic Osteonecrosis of the Femoral Head: A Comprehensive Network Pharmacology and Molecular Docking Study Focusing on Immunological Pathways,Li X et al.,Mediators Inflamm,2025,Unclassified,1,/herbs/angelica-root/
41515938,10.3390/ijms27010056,Effects of Common Fig (Ficus carica L.) and Its Extracts on Certain Cancer Types: Focusing on the Mechanism of Action,Gökçen EN et al.,Int J Mol Sci,2025,Narrative review,1,/herbs/ficus-carica/
41696952,10.12932/AP-171025-2165,Buckwheat allergy,Chen F et al.,Asian Pac J Allergy Immunol,2025,Narrative review,1,/herbs/buckwheat/
28267306,,Medicinal Mushrooms (PDQ®): Patient Version,,,2024,Narrative review,1,/herbs/turkey-tail/
30000844,,Raspberry,,,2024,Narrative review,1,/herbs/raspberry-leaf/
30000851,,Coriander,,,2024,Narrative review,1,/herbs/coriandrum-sativum/
30000865,,Eleuthero,,,2024,Narrative review,1,/herbs/eleuthero/
30000869,,Echinacea,,,2024,Narrative review,1,/herbs/calendula/
30000898,,Nutmeg,,,2024,Narrative review,1,/herbs/myristica-fragrans/
30000904,,Oregano,,,2024,Narrative review,1,/herbs/oregano/
30000912,,Vervain,,,2024,Narrative review,1,/herbs/verbena-officinalis/
30000940,,Parsley,,,2024,Narrative review,1,/herbs/parsley/
30000962,,Peony,,,2024,Narrative review,2,/herbs/paeonia-lactiflora/ /herbs/paeonia-suffruticosa/
30372004,,Chocolate,,,2024,Narrative review,1,/herbs/theobroma-cacao/
37337697,10.1080/14786419.2023.2225688,"Antiproliferative assay of suma or Brazilian ginseng (Hebanthe eriantha) methanolic extract on HCT116 and 4T1 cancer cell lines, in vitro toxicity on Artemia salina larvae, and antibacterial activity",Rahamouz-Haghighi S and Sharafi A,Nat Prod Res,2024,Unclassified,1,/herbs/suma/
37579922,10.1016/j.jep.2023.117039,Rehmannia glutinosa Libosch and Cornus officinalis Sieb herb couple ameliorates renal interstitial fibrosis in CKD rats by inhibiting the TGF-β1/MAPK signaling pathway,Zhu JH et al.,J Ethnopharmacol,2024,Unclassified,2,/herbs/cornus-officinalis/ /herbs/rehmannia-glutinosa/
37610136,10.1080/10286020.2023.2249833,Two new guaiane-type sesquiterpenes from Curcuma wenyujin,Jiang XJ et al.,J Asian Nat Prod Res,2024,Unclassified,1,/herbs/curcuma-wenyujin/
37788785,10.1016/j.jep.2023.117262,Fuling-Zexie formula attenuates hyperuricemia-induced nephropathy and inhibits JAK2/STAT3 signaling and NLRP3 inflammasome activation in mice,Lu M et al.,J Ethnopharmacol,2024,Unclassified,1,/herbs/poria/
37818728,10.1002/ptr.8026,The effect of cinnamon supplementation on glycemic control in patients with type 2 diabetes mellitus: An updated systematic review and dose-response meta-analysis of randomized controlled trials,Moridpour AH et al.,Phytother Res,2024,Meta-analysis,2,/compounds/cinnamon-extract/ /herbs/cinnamomum-verum/
37864351,10.1177/10870547231203176,The Effects of Crocus sativus (Saffron) on ADHD: A Systematic Review,Seyedi-Sahebari S et al.,J Atten Disord,2024,Systematic review,2,/herbs/crocus-sativus/ /herbs/saffron/
37915246,10.1024/0300-9831/a000797,Aloe Barbadensis Miller (Aloe Vera),Kaur S and Bains K,Int J Vitam Nutr Res,2024,Narrative review,1,/herbs/aloe-vera/
37937578,10.2174/0115680266274385231023075011,A Comprehensive Review on Phytochemistry and Pharmacology of Rosa Species (Rosaceae),Fayaz F et al.,Curr Top Med Chem,2024,Narrative review,1,/herbs/rose-hips/
38010396,10.1007/s00210-023-02735-8,Therapeutic potential of Lawsonia inermis Linn: a comprehensive overview,Batiha GE et al.,Naunyn Schmiedebergs Arch Pharmacol,2024,Narrative review,1,/herbs/lawsonia-inermis/
38039759,10.1016/j.biopha.2023.115956,Cryptotanshinone suppresses ovarian cancer via simultaneous inhibition of glycolysis and oxidative phosphorylation,Wang T et al.,Biomed Pharmacother,2024,Unclassified,1,/compounds/cryptotanshinone/
38042505,10.1016/j.fitote.2023.105764,"Nardostachys jatamansi: Phytochemistry, ethnomedicinal uses, and pharmacological activities: A comprehensive review",Pathak S and Godela R,Fitoterapia,2024,Narrative review,1,/herbs/jatamansi/
38148708,10.1002/cbin.12112,Current stage of preclinical and clinical development of guggulsterone in cancers: Challenges and promises,Ijaz S et al.,Cell Biol Int,2024,Narrative review,1,/herbs/commiphora-mukul/
38158101,10.1016/j.jep.2023.117628,Piperine promotes PI3K/AKT/mTOR-mediated gut-brain autophagy to degrade α-Synuclein in Parkinson's disease rats,Yu L et al.,J Ethnopharmacol,2024,Unclassified,1,/herbs/piper-longum/
38165423,10.1007/s00210-023-02920-9,Gastrodin: a comprehensive pharmacological review,Wang Y et al.,Naunyn Schmiedebergs Arch Pharmacol,2024,Narrative review,1,/herbs/gastrodia/
38232876,10.1016/j.ijbiomac.2024.129455,Purification and structural characterization of two polysaccharides with anti-inflammatory activities from Plumbago zeylanica L,Zhang X et al.,Int J Biol Macromol,2024,Unclassified,1,/herbs/plumbago-zeylanica/
38254493,10.3390/foods13020193,A Literature Review of the Pharmacological Effects of Jujube,Zhu D et al.,Foods,2024,Narrative review,1,/herbs/jujube/
38257301,10.3390/molecules29020388,"Antimicrobial and Other Pharmacological Properties of Ocimum basilicum, Lamiaceae",Zhakipbekov K et al.,Molecules,2024,Narrative review,1,/herbs/ocimum-basilicum/
38285776,10.31557/APJCP.2024.25.1.123,"The Apoptotic Property of Nymphaea Caerulea Flower Extract on Acute Myeloid Leukaemia Cell Line, THP-1",Chatterjee D et al.,Asian Pac J Cancer Prev,2024,Unclassified,1,/herbs/blue-lotus/
38289992,,Lion’s Mane,,,2024,Narrative review,1,/herbs/hericium-erinaceus/
38290997,10.5051/jpis.2301420071,Phytotherapy in periodontics as an effective and sustainable supplemental treatment: a narrative review,Gawish AS et al.,J Periodontal Implant Sci,2024,Narrative review,2,/herbs/neem/ /herbs/vitis-vinifera/
38301993,10.1016/j.fct.2024.114476,The double-edged sword effect of indigo naturalis,Xu Y et al.,Food Chem Toxicol,2024,Narrative review,1,/herbs/isatis/
38318825,10.2174/0115680266273617240129042653,Valeriana jatamansi: Bioactive Compounds and their Medicinal Uses,Maurya AK and Agnihotri VK,Curr Top Med Chem,2024,Narrative review,1,/herbs/jatamansi/
38319742,10.1093/plphys/kiae063,MYB transcription factors encoded by diversified tandem gene clusters cause varied Morella rubra fruit color,Xue L et al.,Plant Physiol,2024,Unclassified,1,/herbs/bayberry/
38326604,10.1007/s00253-023-12998-z,Salacia spp.: recent insights on biotechnological interventions and future perspectives,Chavan J et al.,Appl Microbiol Biotechnol,2024,Narrative review,1,/herbs/salacia-reticulata/
38328737,10.1016/j.toxrep.2024.01.013,Oral sub-chronic toxicity of fingerroot (Boesenbergia rotunda) rhizome extract formulation in Wistar rats,Techapichetvanich P et al.,Toxicol Rep,2024,Unclassified,1,/herbs/fingerroot/
38338400,10.3390/molecules29030656,"The Extraction, Determination, and Bioactivity of Curcumenol: A Comprehensive Review",Li J et al.,Molecules,2024,Narrative review,1,/herbs/curcuma-zedoaria/
38358164,10.4103/aam.aam_35_23,Alternative first-line malaria treatment,Maafoh C and Onyedibe K,Ann Afr Med,2024,Narrative review,1,/herbs/neem/
38381605,10.1016/j.celrep.2024.113832,The genome of Stephania japonica provides insights into the biosynthesis of cepharanthine,Liu Z et al.,Cell Rep,2024,Unclassified,1,/herbs/stephania-japonica/
38396766,10.3390/ijms25042089,Acerola (Malpighia emarginata) Anti-Inflammatory Activity-A Review,Olędzki R and Harasym J,Int J Mol Sci,2024,Narrative review,1,/herbs/acerola/
38398854,10.3390/nu16040530,"Not All Maca Is Created Equal: A Review of Colors, Nutrition, Phytochemicals, and Clinical Uses",Minich DM et al.,Nutrients,2024,Narrative review,1,/herbs/maca/
38432993,10.5650/jos.ess23111,The Potential of Roselle (Hibiscus sabdariffa) Plant in Industrial Applications: A Promising Source of Functional Compounds,Chew LY et al.,J Oleo Sci,2024,Narrative review,1,/herbs/roselle-seed/
38433659,10.1080/01480545.2024.2317828,Sweet basil (Ocimum basilicum) leaf and seed extracts alleviate neuronal dysfunction in aluminum chloride-induced neurotoxicity in Drosophila melanogaster Meigen model,Oyeniran OH et al.,Drug Chem Toxicol,2024,Unclassified,1,/herbs/ocimum-basilicum/
38435393,10.3389/fmed.2024.1337785,"Essential oils: a systematic review on revolutionizing health, nutrition, and omics for optimal well-being",Pezantes-Orellana C et al.,Front Med (Lausanne),2024,Narrative review,2,/herbs/orange-peel/ /herbs/parsley/
38440178,10.3389/fphar.2024.1360422,Exploring the chemical and pharmacological variability of Lepidium meyenii: a comprehensive review of the effects of maca,Ulloa Del Carpio N et al.,Front Pharmacol,2024,Narrative review,1,/herbs/maca/
38465436,10.2174/0113892002290846240228061506,Safety Issues of Herb-Warfarin Interactions,Hazra S et al.,Curr Drug Metab,2024,Narrative review,1,/herbs/phellodendron-amurense/
38471319,10.1016/j.phymed.2024.155465,Esculin inhibits hepatic stellate cell activation and CCl(4)-induced liver fibrosis by activating the Nrf2/GPX4 signaling pathway,Xu S et al.,Phytomedicine,2024,Unclassified,2,/herbs/cichorium-intybus/ /herbs/fraxinus-rhynchophylla/
38490155,10.1016/j.biopha.2024.116425,Cynaroside improved depressive-like behavior in CUMS mice by suppressing microglial inflammation and ferroptosis,Zhou Y et al.,Biomed Pharmacother,2024,Unclassified,1,/herbs/honeysuckle/
38495279,10.4254/wjh.v16.i2.120,Insights into skullcap herb-induced liver injury,Soldera J,World J Hepatol,2024,Unclassified,1,/herbs/scutellaria-lateriflora/
38518640,10.1016/j.phymed.2023.155291,Aqueous extract of fermented Eucommia ulmoides leaves alleviates hyperlipidemia by maintaining gut homeostasis and modulating metabolism in high-fat diet fed rats,Duan Y et al.,Phytomedicine,2024,Unclassified,1,/herbs/eucommia/
38539824,10.3390/antiox13030290,Dietary Puerarin Supplementation Improves Immune Response and Antioxidant Capacity of Sows,Cao S et al.,Antioxidants (Basel),2024,Unclassified,1,/herbs/pueraria-mirifica/
38542782,10.3390/nu16060872,Functional and Therapeutic Potential of Cynara scolymus in Health Benefits,Porro C et al.,Nutrients,2024,Narrative review,1,/herbs/artichoke/
38551844,10.1021/acs.jafc.3c07088,Corynoline Suppresses Osteoclastogenesis and Attenuates ROS Activities by Regulating NF-κB/MAPKs and Nrf2 Signaling Pathways,Jin C et al.,J Agric Food Chem,2024,Unclassified,1,/herbs/corydalis/
38552431,10.1016/j.phymed.2024.155518,Gastrodin regulates the TLR4/TRAF6/NF-κB pathway to reduce neuroinflammation and microglial activation in an AD model,Wang W et al.,Phytomedicine,2024,Unclassified,1,/herbs/gastrodia/
38558676,10.7759/cureus.55240,Ayurvedic Herbal Medicines: A Literature Review of Their Applications in Female Reproductive Health,Patibandla S et al.,Cureus,2024,Narrative review,2,/herbs/elettaria-cardamomum/ /herbs/turmeric/
38561058,10.1016/j.jep.2024.118139,Esculin induces endoplasmic reticulum stress and drives apoptosis and ferroptosis in colorectal cancer via PERK regulating eIF2α/CHOP and Nrf2/HO-1 cascades,Ji X et al.,J Ethnopharmacol,2024,Unclassified,1,/herbs/fraxinus-rhynchophylla/
38565924,10.1038/s41598-024-57838-w,Rosemary and neem: an insight into their combined anti-dandruff and anti-hair loss efficacy,Hashem MM et al.,Sci Rep,2024,Unclassified,2,/herbs/neem/ /herbs/rosemary/
38572469,10.34133/plantphenomics.0165,Geographic-Scale Coffee Cherry Counting with Smartphones and Deep Learning,Palacio JCR et al.,Plant Phenomics,2024,Unclassified,1,/herbs/coffee-cherry/
38604260,10.1016/j.fitote.2024.105957,Curcuma wenyujin rhizomes extract ameliorates lipid accumulation,Wang H et al.,Fitoterapia,2024,Unclassified,1,/herbs/curcuma-wenyujin/
38616734,10.1080/03079457.2024.2342882,Effects of Artemisia absinthium on broiler chicken coccidiosis: a systematic review and meta-analysis,Hezil N et al.,Avian Pathol,2024,Meta-analysis,1,/herbs/artemisia-absinthium/
38746009,10.3389/fphar.2024.1353234,"A review on the pharmacology, pharmacokinetics and toxicity of sophocarpine",Wei S et al.,Front Pharmacol,2024,Narrative review,1,/herbs/sophora-alopecuroides/
38754041,10.1200/JCO.24.00541,Management of Fatigue in Adult Survivors of Cancer: ASCO-Society for Integrative Oncology Guideline Update,Bower JE et al.,J Clin Oncol,2024,Systematic review,1,/herbs/panax-quinquefolius/
38784853,10.7762/cnr.2024.13.2.139,The Effect of Oral Chamomile on Anxiety: A Systematic Review of Clinical Trials,Saadatmand S et al.,Clin Nutr Res,2024,Narrative review,1,/herbs/matricaria-chamomilla/
38797379,10.1016/j.jep.2024.118385,Beneficial effects of oxymatrine from Sophora flavescens on alleviating Ulcerative colitis by improving inflammation and ferroptosis,Gao BB et al.,J Ethnopharmacol,2024,Unclassified,1,/herbs/sophora-flavescens/
38817505,10.7759/cureus.59317,Examining the Effects of Supplemental Magnesium on Self-Reported Anxiety and Sleep Quality: A Systematic Review,Rawji A et al.,Cureus,2024,Narrative review,1,/compounds/magnesium/
38831870,10.2147/DDDT.S436446,"Physicochemistry, Nutritional, and Therapeutic Potential of Ficus carica - A Promising Nutraceutical",Fazel MF et al.,Drug Des Devel Ther,2024,Narrative review,1,/herbs/ficus-carica/
38876007,10.1016/j.phymed.2024.155808,"Chemical composition, pharmacological effects, and parasitic mechanisms of Cistanche deserticola: An update",Zhang S et al.,Phytomedicine,2024,Narrative review,1,/herbs/cistanche-deserticola/
38888087,10.1111/jpi.12985,Optimizing the Time and Dose of Melatonin as a Sleep-Promoting Drug: A Systematic Review of Randomized Controlled Trials and Dose-Response Meta-Analysis,Cruz-Sanabria F et al.,J Pineal Res,2024,Meta-analysis,1,/compounds/melatonin/
38892603,10.3390/nu16111670,"Understanding the Impact of Different Doses of Reducose(®) Mulberry Leaf Extract on Blood Glucose and Insulin Responses after Eating a Complex Meal: Results from a Double-Blind, Randomised, Crossover Trial",Thondre PS et al.,Nutrients,2024,Randomized controlled trial,1,/herbs/mulberry-leaf/
38903613,10.3389/fnut.2024.1364836,"A critical review of Ginger's (Zingiber officinale) antioxidant, anti-inflammatory, and immunomodulatory activities",Ayustaningwarno F et al.,Front Nutr,2024,Narrative review,1,/herbs/ginger/
38920890,10.3390/dj12060189,Evaluation of Ilex guayusa and Piper marginatum Extract Cytotoxicity on Human Dental Pulp Mesenchymal Stem Cells,Sequeda-Castañeda LG et al.,Dent J (Basel),2024,Unclassified,1,/herbs/guayusa/
38972239,10.1016/j.phymed.2024.155859,Polygala tenuifolia willd. Extract alleviates LPS-induced acute lung injury in rats via TLR4/NF-κB pathway and NLRP3 inflammasome suppression,Guo S et al.,Phytomedicine,2024,Unclassified,1,/herbs/polygala/
38990057,10.1111/jcmm.18386,Plumbagin ameliorates LPS-induced acute lung injury by regulating PI3K/AKT/mTOR and Keap1-Nrf2/HO-1 signalling pathways,Liu Z et al.,J Cell Mol Med,2024,Unclassified,1,/herbs/plumbago-zeylanica/
38998660,10.3390/foods13132155,Aloe vera-An Extensive Review Focused on Recent Studies,Catalano A et al.,Foods,2024,Narrative review,1,/herbs/aloe-vera/
39000214,10.3390/ijms25137112,Plantago major and Plantago lanceolata Exhibit Antioxidant and Borrelia burgdorferi Inhibiting Activities,Laanet PR et al.,Int J Mol Sci,2024,Unclassified,1,/herbs/plantago-lanceolata/
39004032,10.1016/j.phymed.2024.155820,"Elucidating the mechanisms of Buyang Huanwu Decoction in treating chronic cerebral ischemia: A combined approach using network pharmacology, molecular docking, and in vivo validation",Cao Y et al.,Phytomedicine,2024,Unclassified,1,/herbs/ligusticum-chuanxiong/
39026367,10.1186/s12951-024-02711-1,Adipose-derived stem cell exosomes loaded with icariin alleviates rheumatoid arthritis by modulating macrophage polarization in rats,Yan Q et al.,J Nanobiotechnology,2024,Unclassified,1,/herbs/epimedium/
39064820,10.3390/nu16142377,Selaginella tamariscina Ethanol Extract Attenuates Influenza A Virus Infection by Inhibiting Hemagglutinin and Neuraminidase,Cho WK et al.,Nutrients,2024,Unclassified,1,/herbs/selaginella-tamariscina/
39068762,10.1016/j.phymed.2024.155909,Berberine alleviates ulcerative colitis by inhibiting inflammation through targeting IRGM1,Meng G et al.,Phytomedicine,2024,Unclassified,1,/herbs/coptis/
39070254,10.3389/fnut.2024.1424972,The effects of creatine supplementation on cognitive function in adults: a systematic review and meta-analysis,Xu C et al.,Front Nutr,2024,Systematic review,1,/compounds/creatine/
39101149,10.3389/fphar.2024.1401627,Ophiopogonin D: review of pharmacological activity,Chen KQ et al.,Front Pharmacol,2024,Narrative review,1,/herbs/ophiopogon/
39170416,10.1016/j.heliyon.2024.e35857,Mangosteen extract reduces the bacterial load of eggshell and improves egg quality,Zhu J et al.,Heliyon,2024,Unclassified,1,/herbs/mangosteen/
39171117,10.3389/fnut.2024.1437101,Soursop leaf extract and fractions protects against L-NAME-induced hypertension and hyperlipidemia,Nsor OO et al.,Front Nutr,2024,Unclassified,1,/herbs/soursop/
39180449,10.1093/jpp/rgae105,"Ligusticum chuanxiong Hort.: a review of its phytochemistry, pharmacology, and toxicology",Kong Q et al.,J Pharm Pharmacol,2024,Narrative review,2,/herbs/chuanxiong/ /herbs/ligusticum-chuanxiong/
39186724,10.1093/jpp/rgae061,Exploration of the potential mechanism of aqueous extract of Artemisia capillaris for the treatment of non-alcoholic fatty liver disease based on network pharmacology and experimental verification,Liang M et al.,J Pharm Pharmacol,2024,Unclassified,1,/herbs/artemisia-capillaris/
39202761,10.3390/life14081019,New Insights Concerning Phytophotodermatitis Induced by Phototoxic Plants,Grosu Dumitrescu C et al.,Life (Basel),2024,Narrative review,1,/herbs/pastinaca-sativa/
39202965,10.3390/molecules29163886,Artemisinin and Its Derivatives as Potential Anticancer Agents,Wen L et al.,Molecules,2024,Narrative review,1,/herbs/artemisia-annua/
39215362,10.1186/s13020-024-00977-z,Astragali radix (Huangqi): a time-honored nourishing herbal medicine,Zhang Y et al.,Chin Med,2024,Narrative review,1,/herbs/astragalus-membranaceus/
39227108,10.1016/j.carbpol.2024.122574,Composite microneedles loaded with Astragalus membranaceus polysaccharide nanoparticles promote wound healing by curbing the ROS/NF-κB pathway to regulate macrophage polarization,Liu X et al.,Carbohydr Polym,2024,Unclassified,1,/herbs/white-peony/
39253925,10.2174/0113816128304471240801183021,Murraya koenigii (L.) Spreng. as a Natural Intervention for Diabesity: A Review,Jachak SM et al.,Curr Pharm Des,2024,Narrative review,1,/herbs/curry-leaf/
39258186,10.1016/j.heliyon.2024.e36568,Amentoflavone from Selaginella tamariscina inhibits SARS-CoV-2 RNA-dependent RNA polymerase,Youn KW et al.,Heliyon,2024,Unclassified,1,/herbs/selaginella-tamariscina/
39275022,10.3390/molecules29174174,Pomegranate (Punica granatum L.) Extract Effects on Inflammaging,Cordiano R et al.,Molecules,2024,Narrative review,1,/herbs/pomegranate/
39275211,10.3390/nu16172895,"Garlic and Hypertension: Efficacy, Mechanism of Action, and Clinical Implications",Sleiman C et al.,Nutrients,2024,Narrative review,1,/herbs/allium-sativum/
39286661,10.2147/CCIDE.S478181,Effectiveness of Lemon Verbena (Cymbopogon citratus) in Oral Candidiasis: A Systematic Review,Cuenca-León K et al.,Clin Cosmet Investig Dent,2024,Narrative review,1,/herbs/lemon-verbena/
39296670,10.2147/DDDT.S457100,Huangqi-Danshen Decoction Against Renal Fibrosis in UUO Mice via TGF-β1 Induced Downstream Signaling Pathway,Huang X et al.,Drug Des Devel Ther,2024,Unclassified,1,/herbs/danshen/
39303542,10.1016/j.intimp.2024.113163,Synthesis and pharmacological evaluation of Andrographolide and Ajwain as promising alternatives to antibiotics for treating Salmonella gallinarum infection in chicken,Mudasir Ahmad S et al.,Int Immunopharmacol,2024,Unclassified,1,/herbs/ajwain/
39312451,10.1097/PPO.0000000000000745,Discovery of Natural Products for Cancer Prevention,Blanco Carcache PJ et al.,Cancer J,2024,Narrative review,1,/herbs/mangosteen/
39326132,10.1016/j.phymed.2024.156048,Puerarin ameliorates colitis by direct suppression of macrophage M1 polarization in DSS mice,Tao Q et al.,Phytomedicine,2024,Unclassified,1,/herbs/pueraria-lobata/
39348746,10.1016/j.explore.2024.103062,Effects of Ashwagandha (Withania Somnifera) on stress and anxiety: A systematic review and meta-analysis,Arumugam V et al.,Explore (NY),2024,Meta-analysis,1,/herbs/ashwagandha/
39353308,10.1016/j.phymed.2024.156085,Insights into the anticancer effects of galangal and galangin: A comprehensive review,Wu Y et al.,Phytomedicine,2024,Narrative review,1,/herbs/galangal/
39378978,10.1016/j.jconrel.2024.09.050,Alleviation of colitis by honeysuckle MIR2911 via direct regulation of gut microbiota,Li W et al.,J Control Release,2024,Unclassified,1,/herbs/honeysuckle/
39379937,10.1186/s12951-024-02856-z,Oral administration of Sophora Flavescens-derived exosomes-like nanovesicles carrying CX5461 ameliorates DSS-induced colitis in mice,Zhang M et al.,J Nanobiotechnology,2024,Unclassified,1,/herbs/sophora-flavescens/
39408204,10.3390/nu16193235,"Effects of Acute Citrulline Malate Supplementation on CrossFit(®) Exercise Performance: A Randomized, Double-Blind, Placebo-Controlled, Cross-Over Study",Devrim-Lanpir A et al.,Nutrients,2024,Randomized controlled trial,1,/compounds/citrulline-malate/
39408345,10.3390/nu16193378,Potential Neuroprotective Effects of Alpinia officinarum Hance (Galangal): A Review,Abd Rahman IZ et al.,Nutrients,2024,Narrative review,1,/herbs/galangal/
39409183,10.3390/ijms251910853,"Advances in Gouty Arthritis Management: Integration of Established Therapies, Emerging Treatments, and Lifestyle Interventions",Yao TK et al.,Int J Mol Sci,2024,Narrative review,1,/herbs/atractylodes/
39445611,10.1021/acs.jafc.4c04929,Nuciferine Alleviates High-Fat Diet- and ApoE(-/-)-Induced Hepatic Steatosis and Ferroptosis in NAFLD Mice via the PPARα Signaling Pathway,Qiu J et al.,J Agric Food Chem,2024,Unclassified,1,/herbs/nelumbo-nucifera/
39447789,10.1016/j.ijbiomac.2024.136806,Endoperoxidases in biosynthesis of endoperoxide bonds,Zhang S et al.,Int J Biol Macromol,2024,Narrative review,1,/herbs/jatamansi/
39458790,10.3390/plants13202843,"Regeneration and Genetic Transformation in Eucalyptus Species, Current Research and Future Perspectives",Wang Y et al.,Plants (Basel),2024,Narrative review,1,/herbs/eucalyptus/
39474788,10.1002/ptr.8359,Effects of Ginseng on Cognitive Function: A Systematic Review and Meta-Analysis,Zeng M et al.,Phytother Res,2024,Meta-analysis,1,/herbs/panax-ginseng/
39476924,10.1016/j.ijbiomac.2024.136999,Advances in the study of polysaccharides from Anemarrhena asphodeloides Bge.: A review,An H et al.,Int J Biol Macromol,2024,Narrative review,1,/herbs/anemarrhena-asphodeloides/
39477563,10.1016/j.cnur.2024.08.001,Complementary and Alternative Medicine for Menopause,Smith-Francis MJ,Nurs Clin North Am,2024,Narrative review,1,/herbs/red-clover/
39500772,10.1007/s00425-024-04550-8,Aromatic plants as cosmeceuticals: benefits and applications for skin health,Olivero-Verbel J et al.,Planta,2024,Narrative review,3,/herbs/calendula/ /herbs/citrus-sinensis/ /herbs/cymbopogon-citratus/
39520951,10.1016/j.phymed.2024.156170,Kaixinsan regulates neuronal mitochondrial homeostasis to improve the cognitive function of Alzheimer's disease by activating CaMKKβ-AMPK-PGC-1α signaling axis,Ren J et al.,Phytomedicine,2024,Unclassified,1,/herbs/poria/
39527684,,Tongkat Ali,,,2024,Narrative review,1,/herbs/tongkat-ali/
39544693,10.3389/fcdhc.2024.1395688,Morus alba: natural and valuable effects in weight loss management,Ntalouka F and Tsirivakou A,Front Clin Diabetes Healthc,2024,Narrative review,1,/herbs/morus-alba/
39552387,10.1017/S0033291724001697,The effect of vitamin D supplementation on depression: a systematic review and dose-response meta-analysis of randomized controlled trials,Ghaemi S et al.,Psychol Med,2024,Meta-analysis,1,/compounds/vitamin-d3/
39567970,10.1186/s13020-024-01032-7,Potential of natural products and gut microbiome in tumor immunotherapy,Cao L et al.,Chin Med,2024,Narrative review,1,/herbs/jujube/
39597571,10.3390/microorganisms12112182,Ingesting Stellera chamaejasme Significantly Impacts the Gastrointestinal Tract Bacterial Community and Diversity in Plateau Zokors (Eospalax baileyi),Guo J et al.,Microorganisms,2024,Unclassified,1,/herbs/stellera-chamaejasme/
39612339,10.1126/sciadv.ads3596,Convergent evolution of berberine biosynthesis,Xu Z et al.,Sci Adv,2024,Unclassified,2,/herbs/phellodendron-amurense/ /herbs/phellodendron/
39620580,10.3791/67660,Control and Disposal of Invasive Japanese Knotweed Reynoutria japonica Houtt. Using Microwave Treatment,Słowiński K et al.,J Vis Exp,2024,Unclassified,1,/herbs/japanese-knotweed/
39666848,,Gymnema,,,2024,Narrative review,1,/herbs/gymnema-sylvestre/
39742094,10.2147/IJN.S493434,Houttuynia cordata-Derived Exosome-Like Nanoparticles Mitigate Colitis in Mice via Inhibition of the NLRP3 Signaling Pathway and Modulation of the Gut Microbiota,Li JH et al.,Int J Nanomedicine,2024,Unclassified,1,/herbs/houttuynia/
39769174,10.3390/ijms252413410,"Nigella sativa: A Comprehensive Review of Its Therapeutic Potential, Pharmacological Properties, and Clinical Applications",Alberts A et al.,Int J Mol Sci,2024,Narrative review,1,/herbs/nigella-sativa/
40256714,10.1016/j.chmed.2024.01.003,"Osthole ameliorates chronic pruritus in 2,4-dichloronitrobenzene-induced atopic dermatitis by inhibiting IL-31 production",He S et al.,Chin Herb Med,2024,Unclassified,1,/herbs/cnidium-monnieri/
40370689,10.1515/nipt-2024-0004,Neuroprotective Mushrooms,Abdelmoaty MM et al.,NeuroImmune Pharm Ther,2024,Unclassified,1,/herbs/agarikon/
29083760,,Capsaicin,Chang A et al.,,2023,Unclassified,1,/herbs/capsicum-annuum/
34345890,10.1093/milmed/usab328,Toxicity From Blue Lotus (Nymphaea caerulea) After Ingestion or Inhalation: A Case Series,Schimpf M et al.,Mil Med,2023,Unclassified,1,/herbs/blue-lotus/
34978226,10.1080/10408398.2021.2021137,Plant-derived nootropics and human cognition: A systematic review,Lorca C et al.,Crit Rev Food Sci Nutr,2023,Systematic review,2,/herbs/bacopa/ /herbs/ginkgo-biloba/
35930138,10.1007/s11655-022-3518-z,Cistanche Deserticola for Regulation of Bone Metabolism: Therapeutic Potential and Molecular Mechanisms on Postmenopausal Osteoporosis,Wang C et al.,Chin J Integr Med,2023,Narrative review,1,/herbs/cistanche-deserticola/
36330891,10.1016/j.jep.2022.115857,"A review of the botany, ethnopharmacology, phytochemistry, pharmacology, toxicology and quality of Anemarrhena asphodeloides Bunge",Liu C et al.,J Ethnopharmacol,2023,Narrative review,1,/herbs/anemarrhena-asphodeloides/
36445447,10.1007/s00120-022-01979-1,[Phytotherapy in uro-oncology],Bauer-Büntzel C et al.,Urologie,2023,Narrative review,1,/herbs/juniper/
36596101,10.1016/j.foodres.2022.112149,Effect of ajwain (Trachyspermum ammi) extract and gamma irradiation on the shelf-life extension of rohu (Labeo rohita) and seer (Scomberomorus guttatus) fish steaks during chilled storage,Mishra PK et al.,Food Res Int,2023,Unclassified,1,/herbs/ajwain/
36606510,10.1002/edm2.402,"A clinical trial about effects of prebiotic and probiotic supplementation on weight loss, psychological profile and metabolic parameters in obese subjects",Ben Othman R et al.,Endocrinol Diabetes Metab,2023,Uncontrolled trial,1,/herbs/carob/
36634722,10.1016/j.jep.2022.116132,"Extraction, structure and bioactivities of polysaccharides from Rehmannia glutinosa: A review",Bian Z et al.,J Ethnopharmacol,2023,Narrative review,1,/herbs/rehmannia-glutinosa/
36650621,10.2174/1389200224666230116113240,Herb-Drug Interactions and Their Impact on Pharmacokinetics: An Update,Cheng W et al.,Curr Drug Metab,2023,Narrative review,5,/herbs/allium-sativum/ /herbs/coptis-chinensis/ /herbs/coptis/ /herbs/licorice/ /herbs/salvia-miltiorrhiza/
36699694,10.2147/JEP.S382895,Pharmacological Activities of Fingerroot Extract and Its Phytoconstituents Against SARS-CoV-2 Infection in Golden Syrian Hamsters,Kongratanapasert T et al.,J Exp Pharmacol,2023,Unclassified,1,/herbs/fingerroot/
36717399,10.1007/s00406-022-01547-w,"Efficacy of Silexan in patients with anxiety disorders: a meta-analysis of randomized, placebo-controlled trials",Dold M et al.,Eur Arch Psychiatry Clin Neurosci,2023,Meta-analysis,1,/herbs/lavandula-angustifolia/
36732502,10.1038/s41392-022-01231-4,Celastrol suppresses colorectal cancer via covalent targeting peroxiredoxin 1,Xu H et al.,Signal Transduct Target Ther,2023,Unclassified,1,/herbs/thunder-god-vine/
36753600,,Hawthorn,,,2023,Narrative review,1,/herbs/crataegus-monogyna/
36768300,10.3390/ijms24031982,Eosinophilic Fasciitis: Current and Remaining Challenges,Mazilu D et al.,Int J Mol Sci,2023,Narrative review,1,/herbs/orange-peel/
36768420,10.3390/ijms24032098,"Moringa oleifera: An Updated Comprehensive Review of Its Pharmacological Activities, Ethnomedicinal, Phytopharmaceutical Formulation, Clinical, Phytochemical, and Toxicological Aspects",Pareek A et al.,Int J Mol Sci,2023,Narrative review,1,/herbs/moringa/
36769029,10.3390/ijms24032706,Health Benefits of Coffee Consumption for Cancer and Other Diseases and Mechanisms of Action,Safe S et al.,Int J Mol Sci,2023,Narrative review,1,/herbs/coffea-arabica/
36862943,10.1080/15502783.2023.2171314,International society of sports nutrition position stand: energy drinks and energy shots,Jagim AR et al.,J Int Soc Sports Nutr,2023,Narrative review,1,/herbs/guarana/
36876591,10.1039/d2fo01096h,Inulin: properties and health benefits,Qin YQ et al.,Food Funct,2023,Narrative review,1,/herbs/artichoke/
36877269,10.1007/s00210-023-02434-4,Morus alba: a comprehensive phytochemical and pharmacological review,Batiha GE et al.,Naunyn Schmiedebergs Arch Pharmacol,2023,Narrative review,1,/herbs/morus-alba/
36902200,10.3390/ijms24054772,Depression and Its Phytopharmacotherapy-A Narrative Review,Dobrek L and Głowacka K,Int J Mol Sci,2023,Narrative review,1,/herbs/melissa-officinalis/
36929344,10.1007/s40120-023-00454-z,"A Randomized, Double-Blind, Placebo-Controlled, Parallel Study Investigating the Efficacy of a Whole Coffee Cherry Extract and Phosphatidylserine Formulation on Cognitive Performance of Healthy Adults with Self-Perceived Memory Problems",Doma KM et al.,Neurol Ther,2023,Unclassified,1,/herbs/coffee-cherry/
36933876,10.1016/j.jep.2023.116352,Therapeutic potential and industrial applications of Terminalia arjuna bark,Kumar V et al.,J Ethnopharmacol,2023,Narrative review,1,/herbs/terminalia-arjuna/
36937066,10.1002/ece3.9792,The origin of cultivated mangosteen (Garcinia mangostana L. var. mangostana): Critical assessments and an evolutionary-ecological perspective,Yao TL et al.,Ecol Evol,2023,Narrative review,1,/herbs/garcinia-mangostana/
36938015,10.3389/fpls.2023.1084358,"California poppy (Eschscholzia californica), the Papaveraceae golden girl model organism for evodevo and specialized metabolism",Becker A et al.,Front Plant Sci,2023,Narrative review,1,/herbs/eschscholzia-californica/
36987052,10.3390/plants12061364,"Nootropic Herbs, Shrubs, and Trees as Potential Cognitive Enhancers",Malík M and Tlustoš P,Plants (Basel),2023,Narrative review,2,/herbs/bacopa/ /herbs/schisandra-chinensis/
36995535,10.1007/s11912-023-01408-2,Medicinal Mushroom Supplements in Cancer: A Systematic Review of Clinical Studies,Narayanan S et al.,Curr Oncol Rep,2023,Systematic review,1,/herbs/turkey-tail/
37026028,10.2144/fsoa-2022-0068,Phytochemical and biological review of Aegle marmelos Linn,Monika S et al.,Future Sci OA,2023,Narrative review,1,/herbs/bael/
37043592,,Bitter Melon,,,2023,Narrative review,1,/herbs/momordica-charantia/
37043739,10.1021/acs.jnatprod.3c00159,Modulation of in Vitro SARS-CoV-2 Infection by Stephania tetrandra and Its Alkaloid Constituents,Khadilkar A et al.,J Nat Prod,2023,Unclassified,1,/herbs/stephania-tetrandra/
37048268,10.3390/foods12071448,Soursop (Annona muricata) Properties and Perspectives for Integral Valorization,Santos IL et al.,Foods,2023,Narrative review,1,/herbs/soursop/
37052237,10.1002/med.21957,"Neuroprotective, neurogenic, and anticholinergic evidence of Ganoderma lucidum cognitive effects: Crucial knowledge is still lacking",Luz DA et al.,Med Res Rev,2023,Narrative review,1,/herbs/reishi/
37062005,10.1007/s00705-023-05734-5,"Complete genome sequence of daphne virus 1, a novel cytorhabdovirus infecting Daphne odora",Belete MT et al.,Arch Virol,2023,Unclassified,1,/herbs/daphne-odora/
37062220,10.1016/j.biopha.2023.114705,"A comprehensive review on celastrol, triptolide and triptonide: Insights on their pharmacological activity, toxicity, combination therapy, new dosage form and novel drug delivery routes",Song J et al.,Biomed Pharmacother,2023,Narrative review,1,/herbs/tripterygium-wilfordii/
37068952,10.1002/14651858.CD001321.pub6,Cranberries for preventing urinary tract infections,Williams G et al.,Cochrane Database Syst Rev,2023,Systematic review,1,/herbs/cranberry/
37078654,10.1080/19490976.2023.2197837,Effects of dietary fibers or probiotics on functional constipation symptoms and roles of gut microbiota: a double-blinded randomized placebo trial,Lai H et al.,Gut Microbes,2023,Randomized controlled trial,1,/herbs/psyllium/
37120060,10.1016/j.jep.2023.116475,Mulberry extract ameliorates T2DM-related symptoms via AMPK pathway in STZ-HFD-induced C57BL/6J mice,Zhang L et al.,J Ethnopharmacol,2023,Unclassified,1,/herbs/morus-alba/
37151166,10.2174/1381612829666230505100147,Natural Compounds Used for Treating Hair Loss,Gasmi A et al.,Curr Pharm Des,2023,Narrative review,1,/herbs/serenoa-repens/
37172085,10.1126/sciadv.adh1455,Electromagnetic fields disrupt the pollination service by honeybees,Molina-Montenegro MA et al.,Sci Adv,2023,Unclassified,1,/herbs/eschscholzia-californica/
37184195,,Black Cumin Seed,,,2023,Narrative review,1,/herbs/black-seed/
37184199,,Oregano,,,2023,Narrative review,1,/herbs/oregano/
37192826,10.1097/GME.0000000000002196,Black cohosh extracts in women with menopausal symptoms: an updated pairwise meta-analysis,Sadahiro R et al.,Menopause,2023,Meta-analysis,1,/herbs/black-cohosh/
37226859,10.1093/plphys/kiad295,High-resolution genome mapping and functional dissection of chlorogenic acid production in Lonicera maackii,Li R et al.,Plant Physiol,2023,Unclassified,1,/herbs/honeysuckle/
37234180,10.1007/s12291-022-01097-x,A Comparative Analysis of Effectiveness of Recombinant Interleukin-11 Versus Papaya Leaf Extract for Treatment of Thrombocytopenia: A Review,Mishra KP et al.,Indian J Clin Biochem,2023,Narrative review,1,/herbs/papaya-leaf/
37257051,10.1111/jcmm.17787,"Integration of molecular docking, molecular dynamics and network pharmacology to explore the multi-target pharmacology of fenugreek against diabetes",Luo W et al.,J Cell Mol Med,2023,Unclassified,1,/herbs/trigonella-foenum-graecum/
37267693,10.1016/j.phymed.2023.154892,Proteomics and transcriptomics explore the effect of mixture of herbal extract on diabetic wound healing process,Liu Y et al.,Phytomedicine,2023,Unclassified,1,/herbs/angelica-dahurica/
37301302,10.1016/j.jep.2023.116717,"Commiphora mukul (Hook. ex Stocks) Engl.: Historical records, application rules, phytochemistry, pharmacology, clinical research, and adverse reaction",Garang Z et al.,J Ethnopharmacol,2023,Narrative review,1,/herbs/commiphora-mukul/
37313239,10.17925/EE.2023.19.1.60,"Resmetirom: An Orally Administered, Smallmolecule, Liver-directed, β-selective THR Agonist for the Treatment of Non-alcoholic Fatty Liver Disease and Non-alcoholic Steatohepatitis",Karim G and Bansal MB,touchREV Endocrinol,2023,Narrative review,1,/herbs/noni/
37313777,10.1093/plphys/kiad348,Genome-wide high-throughput chromosome conformation capture analysis reveals hierarchical chromatin interactions during early somatic embryogenesis,Chen Y et al.,Plant Physiol,2023,Unclassified,1,/herbs/longan/
37314054,10.54589/aol.36/1/3,Update on the treatment of chemotherapy and radiotherapy-induced buccal mucositis: a systematic review,Wen S et al.,Acta Odontol Latinoam,2023,Systematic review,1,/herbs/plantago-major/
37325288,10.1159/000529854,Scalp Seborrheic Dermatitis: What We Know So Far,Leroy AK et al.,Skin Appendage Disord,2023,Narrative review,1,/herbs/dandelion/
37373268,10.3390/ijms241210120,Anti-Cancer Potential of Edible/Medicinal Mushrooms in Breast Cancer,Gariboldi MB et al.,Int J Mol Sci,2023,Narrative review,1,/herbs/cordyceps-sinensis/
37376614,10.3390/v15061314,A Narrative Review of Alternative Symptomatic Treatments for Herpes Simplex Virus,Chang JY et al.,Viruses,2023,Narrative review,1,/herbs/melissa-officinalis/
37383807,10.1016/j.dib.2023.109211,Bangladeshi medicinal plant dataset,Borkatulla B et al.,Data Brief,2023,Unclassified,1,/herbs/cymbopogon-citratus/
37385964,10.1142/S0192415X23500507,Pharmacological Effects of Ginseng: Multiple Constituents and Multiple Actions on Humans,Zhou G et al.,Am J Chin Med,2023,Narrative review,1,/herbs/panax-quinquefolius/
37390875,10.1016/j.jep.2023.116861,"A comprehensive review on Saraca asoca (Fabaceae) - Historical perspective, traditional uses, biological activities, and conservation",Urumarudappa SKJ et al.,J Ethnopharmacol,2023,Narrative review,1,/herbs/ashoka/
37405785,10.1089/jmf.2022.0103,"Effect of Fucoxanthin on Metabolic Syndrome, Insulin Sensitivity, and Insulin Secretion",López-Ramos A et al.,J Med Food,2023,Randomized controlled trial,1,/compounds/fucoxanthin/
37446683,10.3390/molecules28135022,Dandelion (Taraxacum Genus): A Review of Chemical Constituents and Pharmacological Effects,Fan M et al.,Molecules,2023,Narrative review,1,/herbs/dandelion/
37457186,10.1002/fsn3.3367,"Nutritional, biochemical, and clinical applications of carob: A review",Ikram A et al.,Food Sci Nutr,2023,Narrative review,1,/herbs/carob/
37493973,10.1007/s42977-023-00174-3,Peppers and their constituents against obesity,Sirotkin AV,Biol Futur,2023,Narrative review,1,/herbs/capsicum-annuum/
37513187,10.3390/molecules28145314,Coriandrum sativum and Its Utility in Psychiatric Disorders,Santibáñez A et al.,Molecules,2023,Narrative review,1,/herbs/coriandrum-sativum/
37513265,10.3390/molecules28145393,"Medicinal Mushrooms: Their Bioactive Components, Nutritional Value and Application in Functional Food Production-A Review",Łysakowska P et al.,Molecules,2023,Narrative review,2,/herbs/chaga/ /herbs/turkey-tail/
37570851,10.3390/molecules28155883,The Role and Mechanism of Perilla frutescens in Cancer Treatment,Huang S et al.,Molecules,2023,Narrative review,1,/herbs/perilla/
37631007,10.3390/ph16081092,"Antimicrobial and Other Biomedical Properties of Extracts from Plantago major, Plantaginaceae",Zhakipbekov K et al.,Pharmaceuticals (Basel),2023,Narrative review,1,/herbs/plantago-major/
37673017,10.1016/j.biopha.2023.115420,"Alkaloids in commercial preparations of California poppy - Quantification, intestinal permeability and microbiota interactions",Chauveau A et al.,Biomed Pharmacother,2023,Unclassified,1,/herbs/eschscholzia-californica/
37682792,10.1182/bloodadvances.2023010668,Safety and efficacy of zanubrutinib in relapsed/refractory marginal zone lymphoma: final analysis of the MAGNOLIA study,Opat S et al.,Blood Adv,2023,Uncontrolled trial,1,/herbs/magnolia-officinalis/
37701635,10.1016/j.crfs.2023.100579,"A comprehensive review on genomic resources in medicinally and industrially important major spices for future breeding programs: Status, utility and challenges",Das P et al.,Curr Res Food Sci,2023,Narrative review,1,/herbs/curry-leaf/
37701897,10.3389/fendo.2023.1217165,"Oxidative stress, hormones, and effects of natural antioxidants on intestinal inflammation in inflammatory bowel disease",Sahoo DK et al.,Front Endocrinol (Lausanne),2023,Narrative review,1,/herbs/tamarind/
37716049,10.1016/j.cbpa.2023.102387,Recent chemical synthesis of plant polysaccharides,Wang X and Xiao G,Curr Opin Chem Biol,2023,Narrative review,1,/herbs/longan/
37748009,,Pomegranate,,,2023,Narrative review,1,/herbs/pomegranate/
37749449,10.1007/s12272-023-01463-0,Review on pharmacological effects of gastrodin,Xiao G et al.,Arch Pharm Res,2023,Narrative review,1,/herbs/gastrodia/
37814683,10.6026/97320630019184,Antimicrobial and anti-inflammatory activity of Terminalia arjuna,R V et al.,Bioinformation,2023,Unclassified,2,/herbs/arjuna/ /herbs/terminalia-arjuna/
37821383,10.5582/ddt.2023.01053,Efficacy of Andrographis paniculata spray in acute pharyngitis: A randomized controlled trial,Okonogi R et al.,Drug Discov Ther,2023,Randomized controlled trial,1,/herbs/andrographis-paniculata/
37895122,10.3390/ijms242015444,Plant Extracts as Skin Care and Therapeutic Agents,Michalak M,Int J Mol Sci,2023,Narrative review,3,/herbs/astragalus/ /herbs/schisandra-chinensis/ /herbs/verbena-officinalis/
37901360,10.2147/IJN.S425173,Identifying the Potential of miRNAs in Houttuynia cordata-Derived Exosome-Like Nanoparticles Against Respiratory RNA Viruses,Zhu H et al.,Int J Nanomedicine,2023,Unclassified,1,/herbs/houttuynia/
37907043,10.1016/j.biopha.2023.115809,Progress of research into the pharmacological effect and clinical application of the traditional Chinese medicine Rehmanniae Radix,Jia J et al.,Biomed Pharmacother,2023,Narrative review,1,/herbs/rehmannia-glutinosa/
37946257,10.1186/s12951-023-02161-1,Panax notoginseng: derived exosome-like nanoparticles attenuate ischemia reperfusion injury via altering microglia polarization,Li S et al.,J Nanobiotechnology,2023,Unclassified,1,/herbs/notoginseng/
37958943,10.3390/ijms242115960,Neurotrophic and Neuroprotective Effects of Hericium erinaceus,Szućko-Kociuba I et al.,Int J Mol Sci,2023,Narrative review,2,/herbs/hericium-erinaceus/ /herbs/lions-mane/
38002180,10.3390/foods12224122,Polyphenols in Agricultural Grassland Crops and Their Health-Promoting Activities-A Review,Verhulst EP et al.,Foods,2023,Narrative review,1,/herbs/plantago-lanceolata/
38068631,10.3390/plants12233997,Latin American Plants against Microorganisms,Cuevas-Cianca SI et al.,Plants (Basel),2023,Narrative review,1,/herbs/isatis/
38068651,10.3390/plants12234017,"Unraveling the Potential of Organic Oregano and Tarragon Essential Oils: Profiling Composition, FT-IR and Bioactivities",Vârban D et al.,Plants (Basel),2023,Unclassified,1,/herbs/artemisia-dracunculus/
38068725,10.3390/nu15234867,A Scoping Review of the Clinical Evidence for the Health Benefits of Culinary Doses of Herbs and Spices for the Prevention and Treatment of Metabolic Syndrome,Mackonochie M et al.,Nutrients,2023,Narrative review,1,/herbs/parsley/
38111697,10.3389/fmed.2023.1289144,Cornus officinalis: a potential herb for treatment of osteoporosis,Tang X et al.,Front Med (Lausanne),2023,Narrative review,1,/herbs/cornus-officinalis/
38116085,10.3389/fphar.2023.1273786,Chaga mushroom: a super-fungus with countless facets and untapped potential,Fordjour E et al.,Front Pharmacol,2023,Narrative review,1,/herbs/chaga/
38140277,10.3390/nu15245018,Acute Effects of Naturally Occurring Guayusa Tea and Nordic Lion's Mane Extracts on Cognitive Performance,La Monica MB et al.,Nutrients,2023,Randomized controlled trial,1,/herbs/guayusa/
38149060,10.1016/j.ajps.2023.100874,Mechanistic engineering of celastrol liposomes induces ferroptosis and apoptosis by directly targeting VDAC2 in hepatocellular carcinoma,Luo P et al.,Asian J Pharm Sci,2023,Unclassified,1,/herbs/tripterygium-wilfordii/
38170849,10.1080/07853890.2023.2299352,"Medicine for chronic atrophic gastritis: a systematic review, meta- and network pharmacology analysis",Weng J et al.,Ann Med,2023,Meta-analysis,3,/herbs/atractylodes-macrocephala/ /herbs/atractylodes/ /herbs/paeonia-lactiflora/
38174012,10.1080/08998280.2023.2263829,Complementary and alternative supplements: a review of dermatologic effectiveness for androgenetic alopecia,Ufomadu P,Proc (Bayl Univ Med Cent),2023,Narrative review,1,/herbs/rosemary/
38256329,10.3390/medicina60010068,Nutritional Supplements for Skin Health-A Review of What Should Be Chosen and Why,Januszewski J et al.,Medicina (Kaunas),2023,Narrative review,1,/herbs/olea-europaea/
38625264,10.1186/s41110-023-00194-y,Myrtle: a versatile medicinal plant,Gorjian H and Khaligh NG,Nutrire,2023,Narrative review,1,/herbs/myrtle/
38813471,10.1080/21501203.2023.2260408,Therapeutic properties of Inonotus obliquus (Chaga mushroom): A review,Ern PTY et al.,Mycology,2023,Narrative review,1,/herbs/chaga/
39072200,10.1016/j.chmed.2023.07.002,"Ethnopharmacology, chemical composition and functions of Cymbopogon citratus",Du X et al.,Chin Herb Med,2023,Narrative review,1,/herbs/cymbopogon-citratus/
20301409,,Isolated Methylmalonic Acidemia,Manoli I et al.,,2022,Narrative review,1,/compounds/spirulina/
29999893,,Oil of Lemon Eucalyptus,,,2022,Narrative review,1,/herbs/eucalyptus/
30000897,,Cranberry,,,2022,Narrative review,1,/herbs/cranberry/
33480339,10.2174/1389201022666210122125131,Anti-anxiety Properties of Selected Medicinal Plants,Khan A et al.,Curr Pharm Biotechnol,2022,Narrative review,1,/herbs/valerian/
33506690,10.1080/10408398.2021.1875189,Functional foods modulating inflammation and metabolism in chronic diseases: a systematic review,Luvián-Morales J et al.,Crit Rev Food Sci Nutr,2022,Systematic review,1,/herbs/elettaria-cardamomum/
34102992,10.2174/1871520621666210608101152,Anti-oxidant and Anticancerous Effect of Fomitopsis officinalis (Vill. ex Fr. Bond. et Sing) Mushroom on Hepatocellular Carcinoma Cells In Vitro through NF-kB Pathway,Altannavch N et al.,Anticancer Agents Med Chem,2022,Unclassified,1,/herbs/agarikon/
34402103,10.1111/jpn.13624,Rooibos (Aspalathus linearis) influence on health and ovarian functions,Sirotkin AV,J Anim Physiol Anim Nutr (Berl),2022,Systematic review,1,/herbs/rooibos/
34626776,10.1016/j.jep.2021.114713,Mulberry leaves ameliorate diabetes via regulating metabolic profiling and AGEs/RAGE and p38 MAPK/NF-κB pathway,Li JS et al.,J Ethnopharmacol,2022,Unclassified,1,/herbs/mulberry-leaf/
34652253,10.1080/14786419.2021.1986816,Suppressing effect of a saikosaponin-enriched extract of Bupleurum falcatum on alcohol and chocolate self-administration in rats,Maccioni P et al.,Nat Prod Res,2022,Unclassified,1,/herbs/bupleurum-falcatum/
34718674,10.1093/jpp/rgab150,Research progress of pharmacological effects of Siraitia grosvenorii extract,Li H et al.,J Pharm Pharmacol,2022,Unclassified,1,/herbs/luo-han-guo/
34726501,10.1089/jmf.2021.0039,"Effect of Banaba (Lagerstroemia speciosa) on Metabolic Syndrome, Insulin Sensitivity, and Insulin Secretion",López-Murillo LD et al.,J Med Food,2022,Randomized controlled trial,1,/compounds/banaba-leaf-extract/
34755935,10.1111/1541-4337.12862,Effects of the consumption of guarana on human health: A narrative review,Torres EAFS et al.,Compr Rev Food Sci Food Saf,2022,Narrative review,1,/herbs/guarana/
34808701,10.1002/ptr.7311,Esculetin: A review of its pharmacology and pharmacokinetics,Zhang L et al.,Phytother Res,2022,Narrative review,1,/herbs/fraxinus-rhynchophylla/
34818697,10.1002/ptr.7324,"Andrographolide: A review of its pharmacology, pharmacokinetics, toxicity and clinical trials and pharmaceutical researches",Zeng B et al.,Phytother Res,2022,Narrative review,1,/herbs/andrographis-paniculata/
34841626,10.1111/obr.13378,Social entrepreneurship in obesity prevention: A scoping review,Chia A et al.,Obes Rev,2022,Narrative review,1,/herbs/ashoka/
34923676,10.1111/jpi.12782,Safety of higher doses of melatonin in adults: A systematic review and meta-analysis,Menczel Schrire Z et al.,J Pineal Res,2022,Meta-analysis,1,/compounds/melatonin/
34954676,10.1016/j.socscimed.2021.114665,The gender responsiveness of social entrepreneurship in health - A review of initiatives by Ashoka fellows,Khalid S et al.,Soc Sci Med,2022,Narrative review,1,/herbs/ashoka/
35002589,10.1007/s10311-021-01372-y,Old growth forests and large old trees as critical organisms connecting ecosystems and human health. A review,Gilhen-Baker M et al.,Environ Chem Lett,2022,Narrative review,1,/herbs/agarikon/
35005853,10.1515/jcim-2021-0448,Neuroprotective potential of Celastrus paniculatus seeds against common neurological ailments: a narrative review,Sankaramourthy D et al.,J Complement Integr Med,2022,Narrative review,1,/herbs/celastrus-paniculatus/
35095483,10.3389/fphar.2021.745683,Crocetin: A Systematic Review,Guo ZL et al.,Front Pharmacol,2022,Narrative review,1,/compounds/crocetin/
35199395,10.1002/ptr.7424,An extensive review on phytochemistry and pharmacological activities of Indian medicinal plant Celastrus paniculatus Willd,Nagpal K et al.,Phytother Res,2022,Narrative review,1,/herbs/celastrus-paniculatus/
35208993,10.3390/molecules27041201,Pharmacological Activities of Soursop (Annona muricata Lin.),Mutakin M et al.,Molecules,2022,Narrative review,1,/herbs/soursop/
35276955,10.3390/nu14030597,Saffron (Crocus sativus L.): A Source of Nutrients for Health and for the Treatment of Neuropsychiatric and Age-Related Diseases,El Midaoui A et al.,Nutrients,2022,Narrative review,1,/herbs/crocus-sativus/
35294606,10.1007/s00210-022-02229-z,St. John's wort (Hypericum perforatum) and depression: what happens to the neurotransmitter systems?,Kholghi G et al.,Naunyn Schmiedebergs Arch Pharmacol,2022,Narrative review,2,/herbs/hypericum-perforatum/ /herbs/st-johns-wort/
35311615,10.1080/15622975.2021.2013041,Clinician guidelines for the treatment of psychiatric disorders with nutraceuticals and phytoceuticals: The World Federation of Societies of Biological Psychiatry (WFSBP) and Canadian Network for Mood and Anxiety Treatments (CANMAT) Taskforce,Sarris J et al.,World J Biol Psychiatry,2022,Meta-analysis,1,/herbs/piper-methysticum/
35336978,10.3390/v14030571,Known and Potential Invertebrate Vectors of Raspberry Viruses,Tan JL et al.,Viruses,2022,Narrative review,1,/herbs/raspberry-leaf/
35348337,10.1021/acs.jafc.2c00010,"Elderberry (Sambucus nigra L.): Bioactive Compounds, Health Functions, and Applications",Liu D et al.,J Agric Food Chem,2022,Narrative review,1,/herbs/elderberry/
35349772,10.1111/jocd.14949,Development of EPS-rich herbal shampoo base fermented using Cyclea peltata leaf powder and Lactobacillus plantarum,Cheni Cheri D et al.,J Cosmet Dermatol,2022,Unclassified,1,/herbs/cyclea-peltata/
35372585,10.1155/2022/8895950,Using Network Pharmacology to Explore the Mechanism of Panax notoginseng in the Treatment of Myocardial Fibrosis,Han J et al.,J Diabetes Res,2022,Unclassified,1,/herbs/notoginseng/
35378276,10.1016/j.phrs.2022.106204,Medicinal herbs for the treatment of anxiety: A systematic review and network meta-analysis,Zhang W et al.,Pharmacol Res,2022,Meta-analysis,1,/herbs/passiflora-incarnata/
35433636,10.3389/fchem.2022.867318,Research Advances on Matrine,Sun XY et al.,Front Chem,2022,Narrative review,1,/herbs/sophora-alopecuroides/
35458146,10.3390/nu14081584,Carica papaya Leaf Juice for Dengue: A Scoping Review,Teh BP et al.,Nutrients,2022,Narrative review,1,/herbs/papaya-leaf/
35458696,10.3390/molecules27082498,Health Benefits of Quercetin in Age-Related Diseases,Deepika and Maurya PK,Molecules,2022,Narrative review,1,/herbs/quercetin/
35483189,10.1016/j.biopha.2022.113005,Tetramethylpyrazine: A review on its mechanisms and functions,Lin J et al.,Biomed Pharmacother,2022,Narrative review,1,/herbs/chuanxiong/
35567294,10.1002/ptr.7491,"Nutmeg (Myristica fragrans Houtt.) essential oil: A review on its composition, biological, and pharmacological activities",Ashokkumar K et al.,Phytother Res,2022,Narrative review,1,/herbs/myristica-fragrans/
35576743,10.1016/j.phymed.2022.154132,"Alkaloids from Dendrobium and their biosynthetic pathway, biological activity and total synthesis",Duan H et al.,Phytomedicine,2022,Narrative review,1,/herbs/dendrobium/
35587098,10.1111/jocd.15099,Dermatological uses of rice products: Trend or true?,Zamil DH et al.,J Cosmet Dermatol,2022,Unclassified,1,/herbs/rice-bran/
35620220,10.1016/j.vas.2022.100252,Anaesthesia of decapod crustaceans,de Souza Valente C,Vet Anim Sci,2022,Narrative review,1,/herbs/lemon-verbena/
35620294,10.3389/fphar.2022.781850,Evidence and Potential Mechanism of Action of Lithospermum erythrorhizon and Its Active Components for Psoriasis,Wang J et al.,Front Pharmacol,2022,Systematic review,1,/herbs/lithospermum-erythrorhizon/
35662629,10.1016/j.phrs.2022.106283,Anti-inflammatory and immunomodulatory activity of Mangifera indica L. reveals the modulation of COX-2/mPGES-1 axis and Th17/Treg ratio,Saviano A et al.,Pharmacol Res,2022,Unclassified,1,/herbs/mangifera-indica/
35676785,10.1016/j.biopha.2022.113180,Anti-inflammatory and immunoregulatory effects of icariin and icaritin,Bi Z et al.,Biomed Pharmacother,2022,Narrative review,1,/herbs/epimedium/
35677108,10.1155/2022/1035441,Diosgenin: An Updated Pharmacological Review and Therapeutic Perspectives,Semwal P et al.,Oxid Med Cell Longev,2022,Narrative review,1,/compounds/diosgenin/
35684259,10.3390/plants11111486,Antiphotoaging Effects of Damiana (Turnera diffusa) Leaves Extract via Regulation AP-1 and Nrf2/ARE Signaling Pathways,Kim M et al.,Plants (Basel),2022,Unclassified,1,/herbs/damiana/
35713852,10.1007/s12272-022-01393-3,Astragalus polysaccharide: a review of its immunomodulatory effect,Li CX et al.,Arch Pharm Res,2022,Narrative review,2,/herbs/astragalus-membranaceus/ /herbs/astragalus/
35721953,10.1021/acsomega.2c02315,"Assessment of the CYP1A2 Inhibition-Mediated Drug Interaction Potential for Pinocembrin Using In Silico, In Vitro, and In Vivo Approaches",Bhatt S et al.,ACS Omega,2022,Unclassified,1,/herbs/fingerroot/
35745023,10.3390/molecules27123902,The Effectiveness of Rhodiola rosea L. Preparations in Alleviating Various Aspects of Life-Stress Symptoms and Stress-Induced Conditions-Encouraging Clinical Evidence,Ivanova Stojcheva E and Quintela JC,Molecules,2022,Narrative review,1,/herbs/rhodiola/
35745040,10.3390/molecules27123909,"Green Tea (Camellia sinensis): A Review of Its Phytochemistry, Pharmacology, and Toxicology",Zhao T et al.,Molecules,2022,Narrative review,1,/herbs/camellia-sinensis/
35807953,10.3390/nu14132773,Cinnamon as a Complementary Therapeutic Approach for Dysglycemia and Dyslipidemia Control in Type 2 Diabetes Mellitus and Its Molecular Mechanism of Action: A Review,Silva ML et al.,Nutrients,2022,Narrative review,1,/herbs/cinnamomum-verum/
35847034,10.3389/fphar.2022.896637,"The Angelica dahurica: A Review of Traditional Uses, Phytochemistry and Pharmacology",Zhao H et al.,Front Pharmacol,2022,Narrative review,1,/herbs/angelica-dahurica/
35873376,10.1007/s10068-022-01091-2,Mechanistic insights on burdock (Arctium lappa L.) extract effects on diabetes mellitus,Mondal SC and Eun JB,Food Sci Biotechnol,2022,Narrative review,1,/herbs/burdock/
35878793,10.1016/j.neubiorev.2022.104795,Role of Shankhpushpi (Convolvulus pluricaulis) in neurological disorders: An umbrella review covering evidence from ethnopharmacology to clinical studies,Sharma R et al.,Neurosci Biobehav Rev,2022,Systematic review,1,/herbs/shankhpushpi/
35883850,10.3390/antiox11071359,"Reviewing the Traditional/Modern Uses, Phytochemistry, Essential Oils/Extracts and Pharmacology of Embelia ribes Burm",Sharma V et al.,Antioxidants (Basel),2022,Narrative review,1,/herbs/embelia-ribes/
35892714,10.3390/cimb44080228,Daphne odora Exerts Depigmenting Effects via Inhibiting CREB/MITF and Activating AKT/ERK-Signaling Pathways,Eom YS et al.,Curr Issues Mol Biol,2022,Unclassified,1,/herbs/daphne-odora/
35911428,10.1177/22799036221106582,Complementary and alternative medicine for glycemic control of diabetes mellitus: A systematic review,Setiyorini E et al.,J Public Health Res,2022,Narrative review,1,/herbs/momordica-charantia/
35933691,10.1111/jfbc.14344,"Bioactive compounds, bio-functional properties, and food applications of Garcinia indica: A review",Desai S et al.,J Food Biochem,2022,Narrative review,1,/herbs/garcinia-indica/
35935936,10.3389/fimmu.2022.891822,Efficacy and Safety of Curcumin and Curcuma longa Extract in the Treatment of Arthritis: A Systematic Review and Meta-Analysis of Randomized Controlled Trial,Zeng L et al.,Front Immunol,2022,Meta-analysis,1,/herbs/curcumin/
36013514,10.3390/medicina58081047,Eurycoma longifolia (Jack) Improves Serum Total Testosterone in Men: A Systematic Review and Meta-Analysis of Clinical Trials,Leisegang K et al.,Medicina (Kaunas),2022,Systematic review,1,/herbs/tongkat-ali/
36041061,10.1002/14651858.CD013608.pub2,D-mannose for preventing and treating urinary tract infections,Cooper TE et al.,Cochrane Database Syst Rev,2022,Systematic review,1,/herbs/morinda-citrifolia/
36061899,10.3389/fnut.2022.972379,Pharmacological attributes of Bacopa monnieri extract: Current updates and clinical manifestation,Fatima U et al.,Front Nutr,2022,Narrative review,1,/herbs/bacopa/
36070433,10.18388/abp.2020_5996,Effect of Maitake D-fraction in advanced laryngeal and pharyngeal cancers during concurrent chemoradiotherapy: A randomized clinical trial,Hu Q and Xie B,Acta Biochim Pol,2022,Randomized controlled trial,1,/herbs/maitake-d-fraction/
36076615,10.1016/j.biopha.2022.113256,"Medicinal uses, pharmacological activities, phytochemistry, and the molecular mechanisms of Punica granatum L. (pomegranate) plant extracts: A review",Maphetu N et al.,Biomed Pharmacother,2022,Narrative review,1,/herbs/pomegranate/
36079777,10.3390/nu14173519,"Effects of Resveratrol, Curcumin and Quercetin Supplementation on Bone Metabolism-A Systematic Review",Inchingolo AD et al.,Nutrients,2022,Systematic review,1,/herbs/resveratrol/
36091818,10.3389/fphar.2022.906927,Anti-Inflammatory Effects and Mechanisms of Dandelion in RAW264.7 Macrophages and Zebrafish Larvae,Li W et al.,Front Pharmacol,2022,Unclassified,1,/herbs/dandelion/
36111960,10.1002/mnfr.202200167,Spicy Food and Chili Peppers and Multiple Health Outcomes: Umbrella Review,Ao Z et al.,Mol Nutr Food Res,2022,Systematic review,1,/herbs/capsicum-frutescens/
36134975,10.3390/bioengineering9090429,Japanese Knotweed Rhizome Bark Extract Inhibits Live SARS-CoV-2 In Vitro,Jug U et al.,Bioengineering (Basel),2022,Unclassified,1,/herbs/japanese-knotweed/
36144755,10.3390/molecules27186021,"Medicinal Plants Used for Anxiety, Depression, or Stress Treatment: An Update",Kenda M et al.,Molecules,2022,Narrative review,2,/herbs/hops/ /herbs/melissa-officinalis/
36176207,10.1111/jocd.15420,Applications of bakuchiol in dermatology: Systematic review of the literature,Puyana C et al.,J Cosmet Dermatol,2022,Systematic review,1,/herbs/psoralea-corylifolia/
36232220,10.3390/ijerph191912920,Inhibition of LPS-Induced Microglial Activation by the Ethyl Acetate Extract of Pueraria mirifica,Jantaratnotai N et al.,Int J Environ Res Public Health,2022,Unclassified,1,/herbs/pueraria-mirifica/
36235697,10.3390/nu14194046,Effectivity of Saffron Extract (Saffr'Activ) on Treatment for Children and Adolescents with Attention Deficit/Hyperactivity Disorder (ADHD): A Clinical Effectivity Study,Blasco-Fontecilla H et al.,Nutrients,2022,Uncontrolled trial,1,/herbs/saffron/
36246064,10.22038/IJBMS.2022.65112.14338,"Hypericum perforatum: Traditional uses, clinical trials, and drug interactions",Nobakht SZ et al.,Iran J Basic Med Sci,2022,Narrative review,1,/herbs/hypericum-perforatum/
36249817,10.3389/fphar.2022.963160,Epimedium brevicornum Maxim. Extract exhibits pigmentation by melanin biosynthesis and melanosome biogenesis/transfer,Hong C et al.,Front Pharmacol,2022,Unclassified,1,/herbs/epimedium-brevicornum/
36256521,10.1002/ptr.7649,"Piper longum L.: A comprehensive review on traditional uses, phytochemistry, pharmacology, and health-promoting activities",Biswas P et al.,Phytother Res,2022,Narrative review,1,/herbs/piper-longum/
36358493,10.3390/antiox11112121,"Pharmacological Activity, Pharmacokinetics, and Clinical Research Progress of Puerarin",Wang D et al.,Antioxidants (Basel),2022,Narrative review,1,/herbs/kudzu/
36364048,10.3390/molecules27217223,Effect of Ginger on Inflammatory Diseases,Ballester P et al.,Molecules,2022,Narrative review,1,/herbs/ginger/
36364156,10.3390/molecules27217335,Chemical Profiling and Biological Activity of Extracts from Nine Norwegian Medicinal and Aromatic Plants,Slimestad R et al.,Molecules,2022,Unclassified,1,/herbs/maral-root/
36379502,,Peripheral Edema: Evaluation and Management in Primary Care,Patel H et al.,Am Fam Physician,2022,Unclassified,1,/herbs/horse-chestnut/
36432799,10.3390/plants11223070,Exploring Contact Toxicity of Essential Oils against Sitophilus zeamais through a Meta-Analysis Approach,Achimón F et al.,Plants (Basel),2022,Narrative review,1,/herbs/ocotea-odorifera/
36432868,10.3390/plants11223139,Species-Specific Plant-Derived Nanoparticle Characteristics,Viršilė A et al.,Plants (Basel),2022,Unclassified,1,/herbs/artemisia-absinthium/
36513474,10.1016/j.clnesp.2022.09.015,"What is the efficacy of dietary, nutraceutical, and probiotic interventions for the management of gastroesophageal reflux disease symptoms? A systematic literature review and meta-analysis",Martin Z et al.,Clin Nutr ESPEN,2022,Meta-analysis,1,/herbs/olea-europaea/
36558061,10.3390/molecules27248933,Pharmacological Effects and Clinical Prospects of Cepharanthine,Liang D et al.,Molecules,2022,Narrative review,1,/herbs/stephania-cepharantha/
36615326,10.3390/molecules28010133,"Chamomile: A Review of Its Traditional Uses, Chemical Constituents, Pharmacological Activities and Quality Control Studies",Dai YL et al.,Molecules,2022,Narrative review,1,/herbs/matricaria-chamomilla/
36671409,10.3390/biom13010024,A Review of Ganoderma Triterpenoids and Their Bioactivities,Galappaththi MCA et al.,Biomolecules,2022,Narrative review,1,/herbs/ganoderma-lucidum/
30000884,,Capsicum,,,2021,Narrative review,1,/herbs/capsicum-annuum/
30000891,,Hawthorn,,,2021,Narrative review,1,/herbs/crataegus-monogyna/
30000952,,Bitter Orange,,,2021,Narrative review,1,/herbs/orange-peel/
30000954,,Evening Primrose,,,2021,Narrative review,1,/herbs/evening-primrose/
31807931,10.1007/s10143-019-01190-5,Telovelar surgical approach,Ghali MGZ,Neurosurg Rev,2021,Narrative review,1,/herbs/calamus/
32360044,10.1016/j.jep.2020.112915,"Ethnopharmacology, phytochemistry, pharmacology, clinical applications and toxicology of the genus Stellera Linn.: A review",Zhang N et al.,J Ethnopharmacol,2021,Narrative review,1,/herbs/stellera-chamaejasme/
32478963,10.1111/bcp.14404,"Warfarin and food, herbal or dietary supplement interactions: A systematic review",Tan CSS and Lee SWH,Br J Clin Pharmacol,2021,Systematic review,3,/herbs/camellia-sinensis/ /herbs/ginkgo-biloba/ /herbs/matricaria-chamomilla/
32600229,10.2174/1389557520666200628032116,Herbal Extracts with Antifungal Activity against Candida albicans: A Systematic Review,Hsu H et al.,Mini Rev Med Chem,2021,Systematic review,1,/herbs/lawsonia-inermis/
32768902,10.1016/j.foodchem.2020.127676,"Chicory (Cichorium intybus L.) as a food ingredient - Nutritional composition, bioactivity, safety, and health claims: A review",Perović J et al.,Food Chem,2021,Narrative review,1,/herbs/cichorium-intybus/
32918995,10.1016/j.jep.2020.113378,Confirmation of ethnopharmacological anti-inflammatory properties of Ocotea odorifera and determination of its main active compounds,de Alcântara BGV et al.,J Ethnopharmacol,2021,Unclassified,1,/herbs/ocotea-odorifera/
32929825,10.1002/ptr.6855,Piperine: A review of its biological effects,Haq IU et al.,Phytother Res,2021,Narrative review,1,/herbs/piper-nigrum/
33090664,10.1111/jipb.13021,Molecular mechanisms for the photoperiodic regulation of flowering in soybean,Lin X et al.,J Integr Plant Biol,2021,Narrative review,1,/herbs/soybean/
33138751,10.2174/1381612826666201102101428,Biological and Pharmacological Effects of Gamma-oryzanol: An Updated Review of the Molecular Mechanisms,Ramazani E et al.,Curr Pharm Des,2021,Narrative review,1,/herbs/rice-bran/
33150931,10.1093/advances/nmaa134,Examining the Effects of Herbs on Testosterone Concentrations in Men: A Systematic Review,Smith SJ et al.,Adv Nutr,2021,Systematic review,1,/herbs/trigonella-foenum-graecum/
33174095,10.1007/s13659-020-00281-x,Plants Used as Antihypertensive,Verma T et al.,Nat Prod Bioprospect,2021,Narrative review,4,/herbs/arjuna/ /herbs/coptis-chinensis/ /herbs/coriandrum-sativum/ /herbs/terminalia-arjuna/
33338751,10.1016/j.biopha.2020.111017,Myricetin: A review of the most recent research,Song X et al.,Biomed Pharmacother,2021,Narrative review,1,/herbs/bayberry/
33383165,10.1016/j.reprotox.2020.12.019,Neither soy nor isoflavone intake affects male reproductive hormones: An expanded and updated meta-analysis of clinical studies,Reed KE et al.,Reprod Toxicol,2021,Meta-analysis,1,/herbs/red-clover/
33494677,10.2174/1389557521666210120112814,Radioprotectors: Nature's Boon,Lang DK et al.,Mini Rev Med Chem,2021,Narrative review,1,/herbs/calamus/
33541567,10.1016/j.maturitas.2020.12.002,"A 6-month, double-blind, placebo-controlled, randomized trial to evaluate the effect of Eurycoma longifolia (Tongkat Ali) and concurrent training on erectile function and testosterone levels in androgen deficiency of aging males (ADAM)",Leitão AE et al.,Maturitas,2021,Randomized controlled trial,1,/herbs/tongkat-ali/
33666283,10.1002/ptr.7048,Phytotherapy and food applications from Brassica genus,Salehi B et al.,Phytother Res,2021,Narrative review,2,/herbs/brassica-juncea/ /herbs/brassica-oleracea/
33762150,10.1016/j.numecd.2020.12.032,The effects of foods on LDL cholesterol levels: A systematic review of the accumulated evidence from systematic reviews and meta-analyses of randomized controlled trials,Schoeneck M and Iggman D,Nutr Metab Cardiovasc Dis,2021,Meta-analysis,1,/herbs/psyllium/
33779758,10.1093/jpp/rgab014,"Isatis indigotica: a review of phytochemistry, pharmacological activities and clinical applications",Chen Q et al.,J Pharm Pharmacol,2021,Narrative review,1,/herbs/isatis/
33799504,10.3390/ijms22062828,Garcinol-A Natural Histone Acetyltransferase Inhibitor and New Anti-Cancer Epigenetic Drug,Kopytko P et al.,Int J Mol Sci,2021,Narrative review,1,/compounds/garcinol/
33802176,10.3390/brainsci11030355,The Use and Impact of Cognitive Enhancers among University Students: A Systematic Review,Sharif S et al.,Brain Sci,2021,Narrative review,1,/herbs/guarana/
33827515,10.1186/s12906-021-03283-5,Elderberry for prevention and treatment of viral respiratory illnesses: a systematic review,Wieland LS et al.,BMC Complement Med Ther,2021,Systematic review,1,/herbs/elderberry/
33833896,10.3831/KPI.2021.24.1.14,Review of Pharmacological Properties and Chemical Constituents of Pastinaca sativa,Kenari HM et al.,J Pharmacopuncture,2021,Narrative review,1,/herbs/pastinaca-sativa/
33840996,10.33393/dti.2021.2192,Tamarind (Tamarindus indica L.) Seed a Candidate Protein Source with Potential for Combating SARS-CoV-2 Infection in Obesity,Morais AHA et al.,Drug Target Insights,2021,Narrative review,1,/herbs/tamarind/
33916044,10.3390/ijms22073671,Biological Properties and Prospects for the Application of Eugenol-A Review,Ulanowska M and Olas B,Int J Mol Sci,2021,Narrative review,1,/herbs/clove/
33917159,10.3390/ani11041039,The Use of Chinese Skullcap (Scutellaria baicalensis) and Its Extracts for Sustainable Animal Production,Yin B et al.,Animals (Basel),2021,Narrative review,1,/herbs/chinese-skullcap/
33917843,10.3390/biom11040543,Neuroprotective Herbs for the Management of Alzheimer's Disease,Gregory J et al.,Biomolecules,2021,Narrative review,3,/herbs/cat-s-claw/ /herbs/lions-mane/ /herbs/shankhpushpi/
33924742,10.3390/molecules26092557,"A Chewable Cure ""Kanna"": Biological and Pharmaceutical Properties of Sceletium tortuosum",Manganyi MC et al.,Molecules,2021,Narrative review,1,/herbs/kanna/
33927629,10.3389/fphar.2021.653993,"Artemisia dracunculus (Tarragon): A Review of Its Traditional Uses, Phytochemistry and Pharmacology",Ekiert H et al.,Front Pharmacol,2021,Narrative review,1,/herbs/artemisia-dracunculus/
33978188,10.1093/jn/nxab119,"Citicoline and Memory Function in Healthy Older Adults: A Randomized, Double-Blind, Placebo-Controlled Clinical Trial",Nakazaki E et al.,J Nutr,2021,Randomized controlled trial,2,/compounds/cdp-choline/ /herbs/citicoline/
33992045,10.33549/physiolres.934674,The anti-obesity and health-promoting effects of tea and coffee,Sirotkin AV and Kolesárová A,Physiol Res,2021,Narrative review,1,/herbs/coffea-arabica/
34029903,10.1016/j.foodchem.2021.130047,Inhibition of α-glucosidases by tea polyphenols in rat intestinal extract and Caco-2 cells grown on Transwell,Kan L et al.,Food Chem,2021,Unclassified,1,/herbs/black-tea/
34071454,10.3390/medicina57060546,A Systematic Review and Meta-Analysis of Ayurvedic Herbal Preparations for Hypercholesterolemia,Gyawali D et al.,Medicina (Kaunas),2021,Meta-analysis,1,/herbs/commiphora-mukul/
34073784,10.3390/nu13061784,"Black Cumin (Nigella sativa L.): A Comprehensive Review on Phytochemistry, Health Benefits, Molecular Pharmacology, and Safety",Hannan MA et al.,Nutrients,2021,Narrative review,2,/herbs/black-seed/ /herbs/nigella-sativa/
34087741,10.1016/j.plaphy.2021.05.023,The role of quercetin in plants,Singh P et al.,Plant Physiol Biochem,2021,Narrative review,1,/herbs/quercetin/
34090852,10.1016/j.ijbiomac.2021.05.213,"Extraction, structure, pharmacological activities and drug carrier applications of Angelica sinensis polysaccharide",Nai J et al.,Int J Biol Macromol,2021,Narrative review,1,/herbs/angelica-sinensis/
34239993,,The effects of twenty-four nutrients and phytonutrients on immune system function and inflammation: A narrative review,Poles J et al.,J Clin Transl Res,2021,Narrative review,1,/herbs/rice-bran/
34269984,10.1007/s12272-021-01342-6,"Atractylenolides (I, II, and III): a review of their pharmacology and pharmacokinetics",Deng M et al.,Arch Pharm Res,2021,Narrative review,2,/compounds/atractylenolide-i/ /compounds/atractylenolide-ii/
34283916,10.1089/acm.2021.0067,Effectiveness of Inhaled Aromatherapy on Chemotherapy-Induced Nausea and Vomiting: A Systematic Review,Toniolo J et al.,J Altern Complement Med,2021,Systematic review,1,/herbs/elettaria-cardamomum/
34302944,10.1016/j.jep.2021.114444,"The traditional and modern uses of Selaginella tamariscina (P.Beauv.) Spring, in medicine and cosmetic: Applications and bioactive ingredients",Bailly C,J Ethnopharmacol,2021,Narrative review,1,/herbs/selaginella-tamariscina/
34307603,10.12998/wjcc.v9.i20.5490,Herb-induced liver injury: Systematic review and meta-analysis,Ballotin VR et al.,World J Clin Cases,2021,Unclassified,1,/herbs/scutellaria-lateriflora/
34361003,10.3390/ijms22158237,Effect of Neferine on DNCB-Induced Atopic Dermatitis in HaCaT Cells and BALB/c Mice,Yang CC et al.,Int J Mol Sci,2021,Unclassified,1,/herbs/nelumbo-nucifera/
34368883,10.3892/ijmm.2021.5020,Oxymatrine attenuates oxidized low‑density lipoprotein‑induced HUVEC injury by inhibiting NLRP3 inflammasome‑mediated pyroptosis via the activation of the SIRT1/Nrf2 signaling pathway,Jin X et al.,Int J Mol Med,2021,Unclassified,1,/herbs/sophora-flavescens/
34371974,10.3390/nu13072461,Estimation of Dietary Capsaicinoid Exposure in Korea and Assessment of Its Health Effects,Kwon Y,Nutrients,2021,Unclassified,2,/herbs/capsicum-annuum/ /herbs/capsicum-frutescens/
34376917,10.3164/jcbn.20-149,"Effects of anthocyanin, astaxanthin, and lutein on eye functions: a randomized, double-blind, placebo-controlled study",Kizawa Y et al.,J Clin Biochem Nutr,2021,Unclassified,1,/compounds/astaxanthin/
34410296,10.1093/bbb/zbab147,Lemon myrtle extract inhibits lactate production by Streptococcus mutans,Yabuta Y et al.,Biosci Biotechnol Biochem,2021,Unclassified,1,/herbs/myrtle/
34411377,10.1002/ptr.7215,"Ganoderma lucidum (Reishi) an edible mushroom; a comprehensive and critical review of its nutritional, cosmeceutical, mycochemical, pharmacological, clinical, and toxicological properties",Ahmad R et al.,Phytother Res,2021,Narrative review,1,/herbs/ganoderma-lucidum/
34439010,10.3390/antibiotics10080960,Biologically Active Extracts from Different Medicinal Plants Tested as Potential Additives against Bee Pathogens,Pașca C et al.,Antibiotics (Basel),2021,Unclassified,1,/herbs/anise-hyssop/
34445021,10.3390/nu13082861,Plant Adaptogens-History and Future Perspectives,Todorova V et al.,Nutrients,2021,Meta-analysis,2,/herbs/rhodiola/ /herbs/schisandra-chinensis/
34449930,10.1002/ptr.7252,The effects of lemon balm (Melissa officinalis L.) on depression and anxiety in clinical trials: A systematic review and meta-analysis,Ghazizadeh J et al.,Phytother Res,2021,Meta-analysis,2,/compounds/lemon-balm/ /herbs/melissa-officinalis/
34451622,10.3390/plants10081577,"Oxypeucedanin: Chemotaxonomy, Isolation, and Bioactivities",Mottaghipisheh J,Plants (Basel),2021,Narrative review,1,/herbs/angelica-dahurica/
34451740,10.3390/plants10081695,Seed Geometry in the Vitaceae,Cervantes E et al.,Plants (Basel),2021,Narrative review,1,/herbs/cissus/
34467577,10.1002/ptr.7265,The effect of Gymnema sylvestre supplementation on glycemic control in type 2 diabetes patients: A systematic review and meta-analysis,Devangan S et al.,Phytother Res,2021,Meta-analysis,1,/herbs/gymnema-sylvestre/
34472292,10.13345/j.cjb.200553,[Fruit cracking: a review],Li H et al.,Sheng Wu Gong Cheng Xue Bao,2021,Narrative review,1,/herbs/jujube/
34503406,10.2174/1568026621666210909163612,Review of the Phytochemistry and Biological Activity of Cissus incisa Leaves,Nocedo-Mena D et al.,Curr Top Med Chem,2021,Narrative review,1,/herbs/cissus/
34503527,10.1186/s12970-021-00458-w,International Society of Sports Nutrition position stand: sodium bicarbonate and exercise performance,Grgic J et al.,J Int Soc Sports Nutr,2021,Narrative review,1,/compounds/bicarbonate/
34529902,10.1515/jcim-2021-0251,Phytochemistry and pharmacology of Celastrus paniculatus Wild.: a nootropic drug,Aleem M,J Complement Integr Med,2021,Narrative review,1,/herbs/celastrus-paniculatus/
34559859,10.1371/journal.pone.0257843,Effect of Ashwagandha (Withania somnifera) extract on sleep: A systematic review and meta-analysis,Cheah KL et al.,PLoS One,2021,Meta-analysis,2,/herbs/ashwagandha/ /herbs/withania-somnifera/
34620272,10.1691/ph.2021.1684,Tacrolimus and herbs interactions: a review,Abushammala I,Pharmazie,2021,Narrative review,2,/herbs/boldo/ /herbs/rooibos/
34680529,10.3390/biomedicines9101412,The Pharmacological Effects and Pharmacokinetics of Active Compounds of Artemisia capillaris,Hsueh TP et al.,Biomedicines,2021,Narrative review,1,/herbs/artemisia-capillaris/
34770801,10.3390/molecules26216387,"Clove Essential Oil (Syzygium aromaticum L. Myrtaceae): Extraction, Chemical Composition, Food Applications, and Essential Bioactivity for Human Health",Haro-González JN et al.,Molecules,2021,Narrative review,2,/herbs/clove/ /herbs/syzygium-aromaticum/
34770940,10.3390/molecules26216531,Huperzine A and Its Neuroprotective Molecular Signaling in Alzheimer's Disease,Friedli MJ and Inestrosa NC,Molecules,2021,Narrative review,1,/herbs/huperzia-serrata/
34885733,10.3390/molecules26237141,Treatment of Benign Prostatic Hyperplasia by Natural Drugs,Csikós E et al.,Molecules,2021,Narrative review,1,/herbs/nettle-root/
34946512,10.3390/molecules26247421,Herbal Products Used in Menopause and for Gynecological Disorders,Kenda M et al.,Molecules,2021,Narrative review,5,/herbs/evening-primrose/ /herbs/hops/ /herbs/red-clover/ /herbs/valerian/ /herbs/valeriana-officinalis/
34946576,10.3390/molecules26247498,The Analgesic Properties of Corydalis yanhusuo,Alhassen L et al.,Molecules,2021,Narrative review,1,/herbs/corydalis/
34959738,10.3390/ph14121338,Pharmacological Activity of Garcinia indica (Kokum): An Updated Review,Lim SH et al.,Pharmaceuticals (Basel),2021,Narrative review,1,/herbs/garcinia-indica/
35003289,10.1155/2021/1271953,"Processing and Compatibility of Corydalis yanhusuo: Phytochemistry, Pharmacology, Pharmacokinetics, and Safety",Wu L et al.,Evid Based Complement Alternat Med,2021,Narrative review,1,/herbs/corydalis/
35009007,10.3390/plants11010003,Allelopathy of Knotweeds as Invasive Plants,Kato-Noguchi H,Plants (Basel),2021,Narrative review,1,/herbs/japanese-knotweed/
35118966,10.5152/tud.2021.21206,Yohimbine as a treatment for erectile dysfunction: A systematic review and meta-analysis,Wibowo DNSA et al.,Turk J Urol,2021,Unclassified,1,/compounds/yohimbine/
31163183,10.1016/j.pbiomolbio.2019.05.008,Screening of pharmacological uses of Urtica dioica and others benefits,Dhouibi R et al.,Prog Biophys Mol Biol,2020,Narrative review,1,/herbs/nettle-root/
31366209,10.1080/10408398.2019.1643286,A critical review of the composition and history of safe use of guayusa: a stimulant and antioxidant novel food,Wise G and Negrin A,Crit Rev Food Sci Nutr,2020,Narrative review,1,/herbs/guayusa/
31442619,10.1016/j.jep.2019.112172,"Sophora alopecuroides L.: An ethnopharmacological, phytochemical, and pharmacological review",Wang R et al.,J Ethnopharmacol,2020,Systematic review,1,/herbs/sophora-alopecuroides/
31447414,10.1016/j.sxmr.2019.07.001,Sexual Performance Anxiety,Pyke RE,Sex Med Rev,2020,Narrative review,1,/herbs/yohimbe/
31605258,10.1007/s11011-019-00494-1,Awareness and current knowledge of epilepsy,Khan AU et al.,Metab Brain Dis,2020,Narrative review,1,/herbs/angelica-archangelica/
31643260,,Green Tea,,,2020,Narrative review,1,/herbs/green-tea-extract/
31643695,,Noni,,,2020,Narrative review,1,/herbs/noni/
31644013,,Yohimbine,,,2020,Narrative review,1,/herbs/yohimbe/
31649123,10.1105/tpc.19.00279,Celebrating 20 Years of Genetic Discoveries in Legume Nodulation and Symbiotic Nitrogen Fixation,Roy S et al.,Plant Cell,2020,Narrative review,1,/herbs/soybean/
31654344,10.1007/s11695-019-04215-6,Trends in Drain Utilization in Bariatric Surgery: an Analysis of the MBSAQIP Database 2015-2017,Clapp B et al.,Obes Surg,2020,Unclassified,1,/compounds/magnesium/
31680350,10.1002/ptr.6532,"Aloe-emodin: A review of its pharmacology, toxicity, and pharmacokinetics",Dong X et al.,Phytother Res,2020,Narrative review,1,/herbs/rheum-palmatum/
31714321,10.1097/YIC.0000000000000291,Effects of Passiflora incarnata Linnaeus on polysomnographic sleep parameters in subjects with insomnia disorder: a double-blind randomized placebo-controlled study,Lee J et al.,Int Clin Psychopharmacol,2020,Randomized controlled trial,1,/compounds/passionflower-extract/
31756276,10.1002/jsfa.10152,"Resveratrol: a review of plant sources, synthesis, stability, modification and food application",Tian B and Liu J,J Sci Food Agric,2020,Narrative review,1,/herbs/resveratrol/
31763928,10.1177/0003319719889428,"Effect of Pycnogenol on Blood Pressure: Findings From a PRISMA Compliant Systematic Review and Meta-Analysis of Randomized, Double-Blind, Placebo-Controlled, Clinical Studies",Fogacci F et al.,Angiology,2020,Meta-analysis,1,/compounds/pycnogenol/
31765761,10.1016/j.jep.2019.112417,A review on the phytopharmacological studies of the genus Polygala,Lacaille-Dubois MA et al.,J Ethnopharmacol,2020,Systematic review,1,/herbs/polygala/
31836457,10.1016/j.pharmthera.2019.107452,Anti-inflammatory and immunoregulatory effects of paeoniflorin and total glucosides of paeony,Zhang L and Wei W,Pharmacol Ther,2020,Narrative review,1,/herbs/paeonia-lactiflora/
31840355,10.1002/ptr.6579,Indian Morinda species: A review,Singh B and Sharma RA,Phytother Res,2020,Narrative review,1,/herbs/morinda-citrifolia/
31951246,10.1039/c9fo02732g,Medicinal effects of Peruvian maca (Lepidium meyenii): a review,da Silva Leitão Peres N et al.,Food Funct,2020,Narrative review,1,/herbs/maca/
31958255,10.1080/13543776.2020.1718653,Pharmacological applications of farnesol (C(15)H(26)O): a patent review,Delmondes GA et al.,Expert Opin Ther Pat,2020,Narrative review,1,/compounds/farnesol/
31975502,10.1111/jocd.13305,"Anti-aging and brightening effects of a topical treatment containing vitamin C, vitamin E, and raspberry leaf cell culture extract: A split-face, randomized controlled trial",Rattanawiwatpong P et al.,J Cosmet Dermatol,2020,Randomized controlled trial,1,/herbs/raspberry-leaf/
32019140,10.3390/biom10020202,"Syzygium aromaticum L. (Myrtaceae): Traditional Uses, Bioactive Chemical Constituents, Pharmacological and Toxicological Activities",Batiha GE et al.,Biomolecules,2020,Narrative review,1,/herbs/syzygium-aromaticum/
32028721,10.3390/ijms21031006,"Phytochemistry, Ethnopharmacology, Pharmacokinetics and Toxicology of Cnidium monnieri (L.) Cusson",Sun Y et al.,Int J Mol Sci,2020,Narrative review,1,/herbs/cnidium-monnieri/
32048383,10.1002/ptr.6627,Effect of fenugreek extract supplement on testosterone levels in male: A meta-analysis of clinical trials,Mansoori A et al.,Phytother Res,2020,Meta-analysis,2,/compounds/fenugreek-extract/ /herbs/trigonella-foenum-graecum/
32061978,10.1016/j.ecoenv.2020.110321,Selective in vivo molecular and cellular biocompatibility of black peppercorns by piperine-protein intrinsic atomic interaction with elicited oxidative stress and apoptosis in zebrafish eleuthero embryos,Patel P et al.,Ecotoxicol Environ Saf,2020,Unclassified,1,/herbs/eleuthero/
32065376,10.1007/s12325-020-01251-y,Silymarin as Supportive Treatment in Liver Diseases: A Narrative Review,Gillessen A and Schmidt HH,Adv Ther,2020,Systematic review,1,/herbs/silybum-marianum/
32066284,10.1080/14656566.2020.1721463,A review of the treatment of male pattern hair loss,York K et al.,Expert Opin Pharmacother,2020,Narrative review,1,/herbs/serenoa-repens/
32093203,10.3390/nu12020545,A Systematic Review of the Effect of Dietary Supplements on Cognitive Performance in Healthy Young Adults and Military Personnel,Pomeroy DE et al.,Nutrients,2020,Systematic review,1,/compounds/l-tyrosine/
32114166,10.1016/j.jep.2020.112717,Amygdalin - A pharmacological and toxicological review,He XY et al.,J Ethnopharmacol,2020,Systematic review,1,/herbs/bayberry/
32171732,10.1016/j.molp.2020.03.002,"Toward a ""Green Revolution"" for Soybean",Liu S et al.,Mol Plant,2020,Narrative review,1,/herbs/soybean/
32173933,10.1002/ptr.6664,"Ethnomedicinal, phytochemical and pharmacological updates on Peppermint (Mentha × piperita L.)-A review",Mahendran G and Rahman LU,Phytother Res,2020,Narrative review,1,/herbs/peppermint/
32183224,10.3390/molecules25061324,Pharmacological Update Properties of Aloe Vera and its Major Active Constituents,Sánchez M et al.,Molecules,2020,Narrative review,1,/herbs/aloe-vera/
32213941,10.3390/nu12030872,Chemical Constituents and Pharmacological Activities of Garlic (Allium sativum L.): A Review,El-Saber Batiha G et al.,Nutrients,2020,Narrative review,1,/herbs/garlic/
32280205,10.2147/NSA.S243017,Nanoparticle Drug Delivery Systems for α-Mangostin,Wathoni N et al.,Nanotechnol Sci Appl,2020,Narrative review,1,/herbs/garcinia-mangostana/
32323812,10.3892/mmr.2020.11052,Therapeutic targets of thunder god vine (Tripterygium wilfordii hook) in rheumatoid arthritis (Review),Song X et al.,Mol Med Rep,2020,Narrative review,1,/herbs/thunder-god-vine/
32335802,10.1007/s11684-019-0724-6,Biological properties and clinical applications of berberine,Song D et al.,Front Med,2020,Narrative review,3,/herbs/berberis/ /herbs/coptis-chinensis/ /herbs/coptis/
32353900,10.1111/nph.16632,Short-range regulatory chromatin loops in plants,Gagliardi D and Manavella PA,New Phytol,2020,Narrative review,1,/compounds/hesperidin/
32364226,10.1093/femsec/fiaa083,Experimental assembly reveals ecological drift as a major driver of root nodule bacterial diversity in a woody legume crop,Ramoneda J et al.,FEMS Microbiol Ecol,2020,Unclassified,1,/herbs/rooibos/
32367410,10.1007/s40199-020-00348-7,Therapeutic application of Carica papaya leaf extract in the management of human diseases,Singh SP et al.,Daru,2020,Narrative review,1,/herbs/papaya-leaf/
32650511,10.3390/diseases8030026,"Short-Term Effect of a New Oral Sodium Hyaluronate Formulation on Knee Osteoarthritis: A Double-Blind, Randomized, Placebo-Controlled Clinical Trial",Cicero AFG et al.,Diseases,2020,Unclassified,1,/compounds/hyaluronic-acid/
32680575,10.1186/s12906-020-02985-6,Effectiveness of Boswellia and Boswellia extract for osteoarthritis patients: a systematic review and meta-analysis,Yu G et al.,BMC Complement Med Ther,2020,Meta-analysis,1,/herbs/boswellia-serrata/
32752183,10.3390/molecules25153523,Cranberry Polyphenols and Prevention against Urinary Tract Infections: Relevant Considerations,González de Llano D et al.,Molecules,2020,Narrative review,1,/herbs/cranberry/
32825719,10.3390/biom10091219,Applications of Compounds from Coffee Processing By-Products,Iriondo-DeHond A et al.,Biomolecules,2020,Narrative review,1,/herbs/coffee-cherry/
32848497,,"Scientific Rigour in the Assessment and Interpretation of Youth Cardiopulmonary Fitness: A Response to the Paper 'Normative Reference Values and International Comparisons for the 20-Metre Shuttle Run Test: Analysis of 69,960 Test Results among Chinese Children and Youth'",Armstrong N and Welsman J,J Sports Sci Med,2020,Unclassified,1,/compounds/boswellia/
32917001,10.3390/molecules25184125,Thymol and Thyme Essential Oil-New Insights into Selected Therapeutic Applications,Kowalczyk A et al.,Molecules,2020,Narrative review,1,/herbs/thyme/
32937665,10.1055/a-1232-5758,Verbena officinalis (Common Vervain) - A Review on the Investigations of This Medicinally Important Plant Species,Kubica P et al.,Planta Med,2020,Narrative review,1,/herbs/verbena-officinalis/
32951763,10.1016/j.ctim.2020.102524,Hypoglycemic efficacy and safety of Momordica charantia (bitter melon) in patients with type 2 diabetes mellitus,Kim SK et al.,Complement Ther Med,2020,Randomized controlled trial,1,/herbs/momordica-charantia/
33034447,10.1021/acschembio.0c00719,Garcinol Is an HDAC11 Inhibitor,Son SI et al.,ACS Chem Biol,2020,Unclassified,1,/compounds/garcinol/
33047814,10.1111/1750-3841.15476,Optimization of extraction conditions of Angelica archangelica extract and activity evaluation in experimental fibromyalgia,Kaur A et al.,J Food Sci,2020,Unclassified,1,/herbs/angelica-archangelica/
33057963,10.1007/s13659-020-00269-7,Traditional Herbal Medicines Against CNS Disorders from Bangladesh,Uddin MJ and Zidorn C,Nat Prod Bioprospect,2020,Narrative review,1,/herbs/stephania-japonica/
33086877,10.1177/2515690X20967323,Valerian Root in Treating Sleep Problems and Associated Disorders-A Systematic Review and Meta-Analysis,Shinjyo N et al.,J Evid Based Integr Med,2020,Meta-analysis,2,/herbs/valerian/ /herbs/valeriana-officinalis/
33127555,10.1016/j.phrs.2020.105263,Chemical constituents of Panax ginseng and Panax notoginseng explain why they differ in therapeutic efficacy,Liu H et al.,Pharmacol Res,2020,Narrative review,1,/herbs/notoginseng/
33171832,10.3390/foods9111627,Grape Pomace Valorization: A Systematic Review and Meta-Analysis,Antonić B et al.,Foods,2020,Narrative review,1,/herbs/vitis-vinifera/
33206347,10.1007/s12272-020-01285-4,Phytochemical and pharmacological properties of Myristica fragrans Houtt.: an updated review,Ha MT et al.,Arch Pharm Res,2020,Narrative review,1,/herbs/myristica-fragrans/
33242239,,Berberine,,,2020,Narrative review,1,/herbs/goldenseal/
33317112,10.3390/biom10121650,"Brassica juncea L. (Mustard) Extract Silver NanoParticles and Knocking off Oxidative Stress, ProInflammatory Cytokine and Reverse DNA Genotoxicity",Hassan SA et al.,Biomolecules,2020,Unclassified,1,/herbs/brassica-juncea/
33352740,10.3390/nu12123894,Passiflora incarnata in Neuropsychiatric Disorders-A Systematic Review,Janda K et al.,Nutrients,2020,Systematic review,1,/herbs/passiflora-incarnata/
33374338,10.3390/ijms22010107,Neuroprotective Effects of Coffee Bioactive Compounds: A Review,Socała K et al.,Int J Mol Sci,2020,Narrative review,1,/herbs/coffea-arabica/
33391017,10.3389/fphys.2020.596729,"Anise Hyssop Agastache foeniculum Increases Lifespan, Stress Resistance, and Metabolism by Affecting Free Radical Processes in Drosophila",Strilbytska OM et al.,Front Physiol,2020,Unclassified,1,/herbs/anise-hyssop/
33424664,10.3389/fpsyt.2020.595584,Pharmacotherapy of Anxiety Disorders: Current and Emerging Treatment Options,Garakani A et al.,Front Psychiatry,2020,Narrative review,1,/herbs/piper-methysticum/
28471760,10.1097/MJT.0000000000000538,Magnesium Supplementation in Vitamin D Deficiency,Reddy P and Edwards LR,Am J Ther,2019,Narrative review,1,/compounds/magnesium/
29679349,10.1007/s12011-018-1351-9,Timeline (Bioavailability) of Magnesium Compounds in Hours: Which Magnesium Compound Works Best?,Uysal N et al.,Biol Trace Elem Res,2019,Unclassified,1,/compounds/magnesium/
30036891,10.1055/a-0660-9565,The Efficacy of Saffron in the Treatment of Mild to Moderate Depression: A Meta-analysis,Tóth B et al.,Planta Med,2019,Meta-analysis,1,/herbs/crocus-sativus/
30040451,10.1080/10408398.2018.1501657,Overview of pharmacological activities of Andrographis paniculata and its major compound andrographolide,Dai Y et al.,Crit Rev Food Sci Nutr,2019,Unclassified,1,/herbs/andrographis-paniculata/
30198828,10.1080/07315724.2018.1478339,"Effects of Yeast (1,3)-(1,6)-Beta-Glucan on Severity of Upper Respiratory Tract Infections: A Double-Blind, Randomized, Placebo-Controlled Study in Healthy Subjects",Dharsono T et al.,J Am Coll Nutr,2019,Randomized controlled trial,1,/compounds/beta-glucans/
30415628,10.1056/NEJMoa1812792,Cardiovascular Risk Reduction with Icosapent Ethyl for Hypertriglyceridemia,Bhatt DL et al.,N Engl J Med,2019,Randomized controlled trial,1,/compounds/omega-3/
30600979,,Migraine Headache Prophylaxis,Ha H and Gonzalez A,Am Fam Physician,2019,Unclassified,1,/herbs/feverfew/
30621719,10.1186/s12929-019-0499-8,Rosmarinus officinalis L. (rosemary) as therapeutic and prophylactic agent,de Oliveira JR et al.,J Biomed Sci,2019,Narrative review,1,/herbs/rosemary/
30637820,10.1002/ptr.6252,Berberine and barberry (Berberis vulgaris): A clinical review,Imenshahidi M and Hosseinzadeh H,Phytother Res,2019,Narrative review,2,/herbs/berberis-vulgaris/ /herbs/berberis/
30651162,10.5740/jaoacint.18-0418,Health Benefits of Culinary Herbs and Spices,Jiang TA,J AOAC Int,2019,Narrative review,1,/herbs/piper-nigrum/
30670267,10.1016/j.ctim.2018.12.004,"Black elderberry (Sambucus nigra) supplementation effectively treats upper respiratory symptoms: A meta-analysis of randomized, controlled clinical trials",Hawkins J et al.,Complement Ther Med,2019,Meta-analysis,1,/herbs/elderberry/
30678239,10.3390/molecules24030388,High Performance Liquid Chromatography Determination and Optimization of the Extraction Process for the Total Alkaloids from Traditional Herb Stephania cepharantha Hayata,Xiao J et al.,Molecules,2019,Unclassified,1,/herbs/stephania-cepharantha/
30686880,10.4103/jiaps.JIAPS_84_18,Progress in Fetal Surgery: A Buoyant Start or Watchful Reluctance? Perspectives for India,Sharma S,J Indian Assoc Pediatr Surg,2019,Unclassified,1,/compounds/omega-3/
30708034,10.1016/j.jep.2019.01.039,Chinese Skullcap (Scutellaria baicalensis Georgi) inhibits inflammation and proliferation on benign prostatic hyperplasia in rats,Jin BR et al.,J Ethnopharmacol,2019,Unclassified,1,/herbs/chinese-skullcap/
30823394,10.3390/molecules24050855,Cytotoxic Properties of Damiana (Turnera diffusa) Extracts and Constituents and A Validated Quantitative UHPLC-DAD Assay,Willer J et al.,Molecules,2019,Unclassified,1,/herbs/damiana/
30884305,10.1016/j.bioorg.2019.03.015,Sesquiterpenes from Curcuma zedoaria rhizomes and their cytotoxicity against human gastric cancer AGS cells,Lee TK et al.,Bioorg Chem,2019,Unclassified,1,/herbs/curcuma-zedoaria/
30934670,10.3390/ijms20071523,Resveratrol and Its Effects on the Vascular System,Breuss JM et al.,Int J Mol Sci,2019,Narrative review,1,/herbs/resveratrol/
30980598,10.1111/jocd.12930,An overview of herbal alternatives in androgenetic alopecia,Dhariwala MY and Ravikumar P,J Cosmet Dermatol,2019,Narrative review,2,/herbs/saw-palmetto/ /herbs/serenoa-repens/
30981186,10.1016/j.phymed.2019.152922,Atractylenolide III ameliorates cerebral ischemic injury and neuroinflammation associated with inhibiting JAK2/STAT3/Drp1-dependent mitochondrial fission in microglia,Zhou K et al.,Phytomedicine,2019,Unclassified,1,/compounds/atractylenolide-iii/
31030097,10.1016/j.intimp.2019.04.033,Paeonol: pharmacological effects and mechanisms of action,Zhang L et al.,Int Immunopharmacol,2019,Narrative review,1,/herbs/paeonia-suffruticosa/
31030757,10.1016/bs.pmbts.2019.03.003,The structures and biological functions of polysaccharides from traditional Chinese herbs,Zeng P et al.,Prog Mol Biol Transl Sci,2019,Narrative review,2,/herbs/cordyceps-sinensis/ /herbs/ophiopogon/
31051106,10.1016/j.cell.2019.04.010,Deficient Endoplasmic Reticulum-Mitochondrial Phosphatidylserine Transfer Causes Liver Disease,Hernández-Alvarez MI et al.,Cell,2019,Unclassified,1,/herbs/phosphatidylserine/
31069872,10.1002/ptr.6361,"Safety and toxicity of silymarin, the major constituent of milk thistle extract: An updated review",Soleimani V et al.,Phytother Res,2019,Narrative review,1,/herbs/milk-thistle/
31090276,10.1631/jzus.B1900161,"Pericarp and seed of litchi and longan fruits: constituent, extraction, bioactive activity, and potential utilization",Zhu XR et al.,J Zhejiang Univ Sci B,2019,Narrative review,1,/herbs/longan/
31145533,10.1111/wrr.12737,A systematic review of Calendula officinalis extract for wound healing,Givol O et al.,Wound Repair Regen,2019,Systematic review,1,/herbs/calendula/
31151279,10.3390/foods8060185,Bioactive Compounds and Bioactivities of Ginger (Zingiber officinale Roscoe),Mao QQ et al.,Foods,2019,Narrative review,1,/herbs/ginger/
31173794,10.1016/j.toxicon.2019.06.007,Wild parsnip (Pastinaca sativa)-induced photosensitization,Stegelmeier BL et al.,Toxicon,2019,Unclassified,1,/herbs/pastinaca-sativa/
31236960,10.1111/jphp.13129,"Scutellaria baicalensis Georgi. (Lamiaceae): a review of its traditional uses, botany, phytochemistry, pharmacology and toxicology",Zhao T et al.,J Pharm Pharmacol,2019,Narrative review,1,/herbs/scutellaria-baicalensis/
31376068,10.1007/s13311-019-00767-8,Neuroprotective and Antioxidant Effect of Ginkgo biloba Extract Against AD and Other Neurological Disorders,Singh SK et al.,Neurotherapeutics,2019,Narrative review,1,/herbs/ginkgo-biloba/
31413233,10.2220/biomedres.40.125,Improvement of cognitive functions by oral intake of Hericium erinaceus,Saitsu Y et al.,Biomed Res,2019,Randomized controlled trial,1,/herbs/hericium-erinaceus/
31431019,,Schisandra chinensis and its phytotherapeutical applications,Rybnikář M et al.,Ceska Slov Farm,2019,Narrative review,1,/herbs/schisandra/
31504785,10.1093/jxb/erz390,Identification and functional characterization of a novel selenocysteine methyltransferase from Brassica juncea L,Chen M et al.,J Exp Bot,2019,Unclassified,1,/herbs/brassica-juncea/
31517876,10.1097/MD.0000000000017186,"An investigation into the stress-relieving and pharmacological actions of an ashwagandha (Withania somnifera) extract: A randomized, double-blind, placebo-controlled study",Lopresti AL et al.,Medicine (Baltimore),2019,Randomized controlled trial,1,/herbs/ashwagandha/
31521398,10.1016/j.neurol.2019.08.005,"Mediterranean diet: The role of long-chain ω-3 fatty acids in fish; polyphenols in fruits, vegetables, cereals, coffee, tea, cacao and wine; probiotics and vitamins in prevention of stroke, age-related cognitive decline, and Alzheimer disease",Román GC et al.,Rev Neurol (Paris),2019,Narrative review,1,/herbs/theobroma-cacao/
31577095,10.4081/aiua.2019.3.139,Nutraceutical treatment and prevention of benign prostatic hyperplasia and prostate cancer,Cicero AFG et al.,Arch Ital Urol Androl,2019,Narrative review,1,/herbs/black-tea/
31578592,10.3892/or.2019.7336,Cytotoxicity of Cichorium intybus L. metabolites (Review),Imam KMSU et al.,Oncol Rep,2019,Narrative review,1,/herbs/cichorium-intybus/
31583011,10.1186/s13020-019-0261-x,Functional polysaccharides of carob fruit: a review,Zhu BJ et al.,Chin Med,2019,Narrative review,1,/herbs/carob/
31627309,10.3390/nu11102494,"A Collagen Supplement Improves Skin Hydration, Elasticity, Roughness, and Density: Results of a Randomized, Placebo-Controlled, Blind Study",Bolke L et al.,Nutrients,2019,Randomized controlled trial,1,/herbs/acerola/
31643417,,Garcinia Cambogia,,,2019,Narrative review,1,/herbs/tamarind/
31643645,,Cat's Claw,,,2019,Narrative review,1,/herbs/cat-s-claw/
31655395,10.1016/j.phymed.2019.153099,Effects of lavender on anxiety: A systematic review and meta-analysis,Donelli D et al.,Phytomedicine,2019,Meta-analysis,1,/herbs/lavandula-angustifolia/
31778363,10.1515/jbcpp-2019-0159,The use of Huperzia species for the treatment of Alzheimer's disease,Kim Thu D et al.,J Basic Clin Physiol Pharmacol,2019,Narrative review,1,/herbs/huperzia-serrata/
31807332,10.1007/s10068-019-00605-9,Use of saw palmetto (Serenoa repens) extract for benign prostatic hyperplasia,Kwon Y,Food Sci Biotechnol,2019,Narrative review,1,/herbs/saw-palmetto/
31860103,10.1001/jamanetworkopen.2019.17789,Vitamin D and Calcium for the Prevention of Fracture: A Systematic Review and Meta-analysis,Yao P et al.,JAMA Netw Open,2019,Meta-analysis,1,/compounds/calcium/
35530094,10.1039/c9ra03229k,Polyphenols of Chinese skullcap roots: from chemical profiles to anticancer effects,Wang L et al.,RSC Adv,2019,Narrative review,1,/herbs/chinese-skullcap/
29018060,10.1136/bjsports-2016-097333,Dietary supplements for treating osteoarthritis: a systematic review and meta-analysis,Liu X et al.,Br J Sports Med,2018,Meta-analysis,1,/herbs/boswellia-serrata/
29119920,10.2174/1381612823666171109104141,Polyphenols: Inflammation,Natsume M,Curr Pharm Des,2018,Narrative review,1,/herbs/theobroma-cacao/
29141563,10.2174/1871520617666171113121246,Ganoderma lucidum Polysaccharides as An Anti-cancer Agent,Sohretoglu D and Huang S,Anticancer Agents Med Chem,2018,Narrative review,1,/herbs/ganoderma-lucidum/
29155174,10.1016/j.jep.2017.11.010,"Ethnopharmacology, phytochemistry, and pharmacology of Cornus officinalis Sieb. et Zucc",Huang J et al.,J Ethnopharmacol,2018,Narrative review,1,/herbs/cornus-officinalis/
29232282,10.1097/MJT.0000000000000705,Selected Food/Herb-Drug Interactions: Mechanisms and Clinical Relevance,Amadi CN and Mgbahurike AA,Am J Ther,2018,Narrative review,1,/herbs/vitis-vinifera/
29456638,10.3892/etm.2018.5713,"Biobran/MGN-3, an arabinoxylan rice bran, enhances NK cell activity in geriatric subjects: A randomized, double-blind, placebo-controlled clinical trial",Elsaid AF et al.,Exp Ther Med,2018,Unclassified,1,/compounds/arabinoxylan/
29464801,10.1002/ptr.6033,Herbal medicine for depression and anxiety: A systematic review with assessment of potential psycho-oncologic relevance,Yeung KS et al.,Phytother Res,2018,Systematic review,3,/herbs/lavandula-angustifolia/ /herbs/passiflora-incarnata/ /herbs/saffron/
29498933,10.1515/hmbci-2017-0067,Management of women with PCOS using myo-inositol and folic acid. New clinical data and review of the literature,Regidor PA et al.,Horm Mol Biol Clin Investig,2018,Narrative review,1,/compounds/d-chiro-inositol/
29551532,10.1016/j.niox.2018.03.010,"Effect of ginger, Paullinia cupana, muira puama and l- citrulline, singly or in combination, on modulation of the inducible nitric oxide- NO-cGMP pathway in rat penile smooth muscle cells",Ferrini MG et al.,Nitric Oxide,2018,Unclassified,1,/herbs/muira-puama/
29568244,10.1186/s12970-018-0218-y,Herbal medicine for sports: a review,Sellami M et al.,J Int Soc Sports Nutr,2018,Narrative review,2,/herbs/cordyceps-sinensis/ /herbs/rhodiola/
29615046,10.1186/s12944-018-0713-9,"Phytochemical composition, antilipidemic and antihypercholestrolemic perspectives of Bael leaf extracts",Asghar N et al.,Lipids Health Dis,2018,Unclassified,1,/herbs/bael/
29698387,10.1038/aps.2017.193,Salvia miltiorrhizaBurge (Danshen): a golden herbal medicine in cardiovascular therapeutics,Li ZM et al.,Acta Pharmacol Sin,2018,Narrative review,2,/herbs/danshen/ /herbs/salvia-miltiorrhiza/
29698776,10.1016/j.jep.2018.04.021,Aloysia citrodora Paláu (Lemon verbena): A review of phytochemistry and pharmacology,Bahramsoltani R et al.,J Ethnopharmacol,2018,Narrative review,1,/herbs/lemon-verbena/
29702210,10.1016/j.micpath.2018.04.036,Antibacterial mechanisms of cinnamon and its constituents: A review,Vasconcelos NG et al.,Microb Pathog,2018,Narrative review,1,/herbs/cinnamomum-verum/
29785774,10.1002/ptr.6109,"Thymol, thyme, and other plant sources: Health and potential uses",Salehi B et al.,Phytother Res,2018,Narrative review,1,/herbs/thyme/
29805742,10.18632/oncotarget.25174,Antitumoral and antimetastatic activity of Maitake D-Fraction in triple-negative breast cancer cells,Alonso EN et al.,Oncotarget,2018,Unclassified,1,/herbs/maitake-d-fraction/
29880082,10.1691/ph.2018.8370,Possible antithrombotic effects of Angelica keiskei (Ashitaba),Ohkura N et al.,Pharmazie,2018,Narrative review,1,/herbs/ashitaba/
29925102,10.1055/a-0642-1966,Safety and Toxicology of Magnolol and Honokiol,Sarrica A et al.,Planta Med,2018,Narrative review,1,/herbs/magnolia-officinalis/
29975606,10.1146/annurev-phyto-080516-035256,Lessons from the Incursion of Myrtle Rust in Australia,Carnegie AJ and Pegg GS,Annu Rev Phytopathol,2018,Narrative review,1,/herbs/myrtle/
29976894,10.3390/ijms19071966,Biological Activities and Safety of Citrus spp. Essential Oils,Dosoky NS and Setzer WN,Int J Mol Sci,2018,Narrative review,2,/herbs/citrus-bergamia/ /herbs/citrus-sinensis/
30037060,10.3390/cells7070081,"The Purified Extract from the Medicinal Plant Bacopa monnieri, Bacopaside II, Inhibits Growth of Colon Cancer Cells In Vitro by Inducing Cell Cycle Arrest and Apoptosis",Smith E et al.,Cells,2018,Unclassified,1,/compounds/bacopaside-ii/
30058034,10.1007/s40266-018-0569-8,Insomnia in Elderly Patients: Recommendations for Pharmacological Management,Abad VC and Guilleminault C,Drugs Aging,2018,Narrative review,1,/herbs/valeriana-officinalis/
30066218,10.1007/s00425-018-2960-4,Genome-wide researches and applications on Dendrobium,Zheng SG et al.,Planta,2018,Narrative review,1,/herbs/dendrobium/
30080294,10.1002/ptr.6171,"Milk thistle (Silybum marianum): A concise overview on its chemistry, pharmacological, and nutraceutical uses in liver diseases",Abenavoli L et al.,Phytother Res,2018,Narrative review,2,/herbs/milk-thistle/ /herbs/silybum-marianum/
30117204,10.1002/ptr.6178,Liquorice (Glycyrrhiza glabra): A phytochemical and pharmacological review,Pastorino G et al.,Phytother Res,2018,Narrative review,1,/herbs/glycyrrhiza-glabra/
30144752,10.1016/j.jpba.2018.08.009,Advancement in the chemical analysis of Paeoniae Radix (Shaoyao),Yan B et al.,J Pharm Biomed Anal,2018,Narrative review,1,/herbs/white-peony/
30150795,10.1007/s13197-018-3309-5,"Acerola, an untapped functional superfruit: a review on latest frontiers",Prakash A and Baskaran R,J Food Sci Technol,2018,Narrative review,1,/herbs/acerola/
30179119,10.2174/1381612824666180903110802,Chemical Constituents and Pharmacological Activities of Stellera chamaejasme,Li XQ et al.,Curr Pharm Des,2018,Narrative review,1,/herbs/stellera-chamaejasme/
30239559,10.1093/ajcn/nqy115,"Effect of psyllium (Plantago ovata) fiber on LDL cholesterol and alternative lipid targets, non-HDL cholesterol and apolipoprotein B: a systematic review and meta-analysis of randomized controlled trials",Jovanovski E et al.,Am J Clin Nutr,2018,Meta-analysis,1,/compounds/psyllium-husk/
30303602,10.1002/jssc.201800506,"Chromatographic separation, determination and identification of ecdysteroids: Focus on Maral root (Rhaponticum carthamoides, Leuzea carthamoides)",Głazowska J et al.,J Sep Sci,2018,Narrative review,1,/herbs/maral-root/
30317989,10.2174/1381612824666181010151849,"Phytochemistry, Traditional Uses and Pharmacological Profile of Rose Hip: A Review",Ayati Z et al.,Curr Pharm Des,2018,Narrative review,1,/herbs/rose-hips/
31070530,10.1080/13880209.2018.1492620,"A comprehensive review on phytochemistry, pharmacology, and flavonoid biosynthesis of Scutellaria baicalensis",Wang ZL et al.,Pharm Biol,2018,Narrative review,1,/herbs/scutellaria-baicalensis/
31643542,,Horse Chestnut,,,2018,Narrative review,1,/herbs/horse-chestnut/
26528921,10.1080/10408398.2015.1077195,"Curcumin, an active component of turmeric (Curcuma longa), and its effects on health",Kocaadam B and Şanlier N,Crit Rev Food Sci Nutr,2017,Narrative review,2,/herbs/curcumin/ /herbs/turmeric/
27568784,10.1111/cod.12671,Systemic allergic dermatitis caused by sesquiterpene lactones,Paulsen E,Contact Dermatitis,2017,Narrative review,1,/herbs/elecampane/
27659301,10.1111/bph.13631,Anti-ageing active ingredients from herbs and nutraceuticals used in traditional Chinese medicine: pharmacological mechanisms and implications for drug discovery,Shen CY et al.,Br J Pharmacol,2017,Narrative review,1,/herbs/cistanche/
27747942,10.1002/ptr.5734,Clinical Pharmacology of Citrus bergamia: A Systematic Review,Mannucci C et al.,Phytother Res,2017,Systematic review,1,/herbs/citrus-bergamia/
27888156,10.1016/j.phrs.2016.11.018,Effects of pomegranate juice on blood pressure: A systematic review and meta-analysis of randomized controlled trials,Sahebkar A et al.,Pharmacol Res,2017,Meta-analysis,1,/compounds/pomegranate-extract/
27914909,10.1016/j.anorl.2016.11.001,"Benefits, pitfalls and risks of phytotherapy in clinical practice in otorhinolaryngology",Laccourreye O et al.,Eur Ann Otorhinolaryngol Head Neck Dis,2017,Narrative review,1,/herbs/eucalyptus/
27920089,10.1093/humrep/dew293,World Endometriosis Society consensus on the classification of endometriosis,Johnson NP et al.,Hum Reprod,2017,Unclassified,1,/herbs/juniper/
27939420,10.1016/j.jep.2016.12.004,"Mesembrine alkaloids: Review of their occurrence, chemistry, and pharmacology",Krstenansky JL,J Ethnopharmacol,2017,Narrative review,1,/herbs/kanna/
27984799,10.1016/j.biopha.2016.12.001,"Antidiabetic activity of Embelia ribes, embelin and its derivatives: A systematic review and meta-analysis",Durg S et al.,Biomed Pharmacother,2017,Meta-analysis,1,/herbs/embelia-ribes/
27994215,10.4014/jmb.1608.08024,"Antimicrobial Activity of Basil, Oregano, and Thyme Essential Oils",Sakkas H and Papadopoulou C,J Microbiol Biotechnol,2017,Narrative review,2,/herbs/oregano/ /herbs/thyme/
28098857,10.3892/ijmm.2017.2857,Anticancer effects of ginsenoside Rg3 (Review),Sun M et al.,Int J Mol Med,2017,Narrative review,1,/compounds/ginsenoside-rg3/
28202713,10.1136/bmj.i6583,Vitamin D supplementation to prevent acute respiratory tract infections: systematic review and meta-analysis of individual participant data,Martineau AR et al.,BMJ,2017,Meta-analysis,1,/compounds/vitamin-d/
28266134,10.1002/mnfr.201600950,A small plant with big benefits: Fenugreek (Trigonella foenum-graecum Linn.) for disease prevention and health promotion,Nagulapalli Venkata KC et al.,Mol Nutr Food Res,2017,Narrative review,1,/compounds/fenugreek/
28275210,10.3390/nu9010070,Phytomedicine in Joint Disorders,Dragos D et al.,Nutrients,2017,Narrative review,1,/herbs/harpagophytum-procumbens/
28289385,10.3389/fphar.2017.00076,"Plant Derived Phytocompound, Embelin in CNS Disorders: A Systematic Review",Kundap UP et al.,Front Pharmacol,2017,Narrative review,1,/herbs/embelia-ribes/
28346030,10.1080/1040841X.2017.1295225,Antimicrobial activity of eugenol and essential oils containing eugenol: A mechanistic viewpoint,Marchese A et al.,Crit Rev Microbiol,2017,Narrative review,1,/herbs/syzygium-aromaticum/
28400848,10.1155/2017/9217567,The Clinical Efficacy and Safety of Tulsi in Humans: A Systematic Review of the Literature,Jamshidi N and Cohen MM,Evid Based Complement Alternat Med,2017,Narrative review,1,/herbs/holy-basil/
28407959,10.1016/j.foodchem.2017.03.087,Identification of phenolic compounds and biologically related activities from Ocotea odorifera aqueous extract leaves,Gontijo DC et al.,Food Chem,2017,Unclassified,1,/herbs/ocotea-odorifera/
28419855,10.1016/j.cgh.2017.04.016,A Randomized Trial of Silymarin for the Treatment of Nonalcoholic Steatohepatitis,Wah Kheong C et al.,Clin Gastroenterol Hepatol,2017,Randomized controlled trial,1,/herbs/milk-thistle/
28503050,10.4103/phrev.phrev_50_16,"Fingerroot, Boesenbergia rotunda and its Aphrodisiac Activity",Ongwisespaiboon O and Jiraungkoorskul W,Pharmacogn Rev,2017,Narrative review,1,/herbs/fingerroot/
28587101,10.3390/ijms18061137,Therapeutic Applications of Rose Hips from Different Rosa Species,Mármol I et al.,Int J Mol Sci,2017,Narrative review,1,/herbs/rose-hips/
28615996,10.1186/s12970-017-0173-z,"International Society of Sports Nutrition position stand: safety and efficacy of creatine supplementation in exercise, sport, and medicine",Kreider RB et al.,J Int Soc Sports Nutr,2017,Narrative review,1,/compounds/creatine/
28621716,10.3390/ijms18061283,Antibacterial and Antifungal Activities of Spices,Liu Q et al.,Int J Mol Sci,2017,Narrative review,1,/herbs/clove/
28732807,10.1016/j.phymed.2017.04.003,Pharmacology and toxicology of α- and β-Asarone: A review of preclinical evidence,Chellian R et al.,Phytomedicine,2017,Narrative review,1,/compounds/alpha-asarone/
28735826,10.1016/j.ctim.2017.06.001,"affron(®) a novel saffron extract (Crocus sativus L.) improves mood in healthy adults over 4 weeks in a double-blind, parallel, randomized, placebo-controlled clinical trial",Kell G et al.,Complement Ther Med,2017,Randomized controlled trial,1,/compounds/saffron-extract/
28762712,,Common Herbal Dietary Supplement-Drug Interactions,Asher GN et al.,Am Fam Physician,2017,Narrative review,7,/herbs/allium-sativum/ /herbs/camellia-sinensis/ /herbs/goldenseal/ /herbs/green-tea-extract/ /herbs/panax-quinquefolius/ /herbs/piper-methysticum/ /herbs/silybum-marianum/
28798396,10.1038/s41598-017-08203-7,Flavonoid glycosides isolated from Epimedium brevicornum and their estrogen biosynthesis-promoting effects,Li F et al.,Sci Rep,2017,Unclassified,1,/herbs/epimedium-brevicornum/
28833680,10.1002/ptr.5893,Toxicological Effects of Glycyrrhiza glabra (Licorice): A Review,Nazari S et al.,Phytother Res,2017,Narrative review,2,/herbs/glycyrrhiza-glabra/ /herbs/licorice/
28837410,10.1080/15592324.2017.1366398,New insights into artemisinin regulation,Lv Z et al.,Plant Signal Behav,2017,Narrative review,1,/herbs/artemisia-annua/
29028587,10.1016/j.biopha.2017.09.152,Chemical constituents and medical benefits of Plantago major,Adom MB et al.,Biomed Pharmacother,2017,Narrative review,1,/herbs/plantago-major/
29034191,10.1016/j.jtcme.2016.12.014,Pharmacological properties of Salvia officinalis and its components,Ghorbani A and Esmaeilizadeh M,J Tradit Complement Med,2017,Unclassified,1,/herbs/sage/
29065496,10.3390/foods6100092,Curcumin: A Review of Its Effects on Human Health,Hewlings SJ and Kalman DS,Foods,2017,Narrative review,1,/herbs/piper-nigrum/
29280987,10.3390/ijms19010070,Anti-Inflammatory and Skin Barrier Repair Effects of Topical Application of Some Plant Oils,Lin TK et al.,Int J Mol Sci,2017,Narrative review,1,/herbs/matricaria-chamomilla/
29344414,10.14336/AD.2017.0720,Herba Cistanches: Anti-aging,Wang N et al.,Aging Dis,2017,Narrative review,1,/herbs/cistanche/
29403626,10.19082/5826,A review of effective herbal medicines in controlling menopausal symptoms,Kargozar R et al.,Electron Physician,2017,Narrative review,3,/herbs/evening-primrose/ /herbs/fennel/ /herbs/sage/
30428203,,Ultrasound and Microwave-Assisted Extraction of Elecampane (Inula helenium) Roots,Petkova N et al.,Nat Prod Commun,2017,Unclassified,1,/herbs/elecampane/
31275019,10.5511/plantbiotechnology.17.0823a,Lithospermum erythrorhizon cell cultures: Present and future aspects,Yazaki K,Plant Biotechnol (Tokyo),2017,Narrative review,1,/herbs/lithospermum-erythrorhizon/
26093535,10.1016/j.clnu.2015.05.003,"Therapeutic effect of high-dose green tea extract on weight reduction: A randomized, double-blind, placebo-controlled clinical trial",Chen IJ et al.,Clin Nutr,2016,Randomized controlled trial,1,/herbs/green-tea-extract/
26395129,10.1111/and.12482,Clinical evaluation of purified Shilajit on testosterone levels in healthy volunteers,Pandit S et al.,Andrologia,2016,Randomized controlled trial,1,/compounds/shilajit/
26811286,10.1016/bs.ircmb.2015.10.001,Phosphatidylethanolamine Metabolism in Health and Disease,Calzada E et al.,Int Rev Cell Mol Biol,2016,Narrative review,1,/herbs/phosphatidylserine/
26875640,10.1016/j.phrs.2016.02.008,Nigella sativa (black seed) effects on plasma lipid concentrations in humans: A systematic review and meta-analysis of randomized placebo-controlled trials,Sahebkar A et al.,Pharmacol Res,2016,Meta-analysis,1,/herbs/black-seed/
26899361,10.1016/j.phytochem.2016.02.005,Tetrandrine--A molecule of wide bioactivity,Bhagya N and Chandrashekar KR,Phytochemistry,2016,Narrative review,1,/herbs/stephania-tetrandra/
26907242,10.3390/molecules21020250,"Multicomponent Synthesis and Evaluation of New 1,2,3-Triazole Derivatives of Dihydropyrimidinones as Acidic Corrosion Inhibitors for Steel",González-Olvera R et al.,Molecules,2016,Unclassified,1,/herbs/quercetin/
26916911,10.1142/S0192415X16500014,Astragalus membranaceus: A Review of its Protection Against Inflammation and Gastrointestinal Cancers,Auyeung KK et al.,Am J Chin Med,2016,Narrative review,2,/herbs/astragalus-membranaceus/ /herbs/astragalus/
27000311,10.1002/14651858.CD002124.pub2,Dietary supplements for dysmenorrhoea,Pattanittum P et al.,Cochrane Database Syst Rev,2016,Meta-analysis,1,/herbs/fennel/
27117114,10.5604/17322693.1200553,Frankincense--therapeutic properties,Al-Yasiry AR and Kiczorowska B,Postepy Hig Med Dosw (Online),2016,Narrative review,1,/herbs/boswellia-serrata/
27187333,10.3390/molecules21050623,Quercetin and Its Anti-Allergic Immune Response,Mlcek J et al.,Molecules,2016,Narrative review,1,/herbs/quercetin/
27188216,10.1002/ptr.5631,"Emodin: A Review of its Pharmacology, Toxicity and Pharmacokinetics",Dong X et al.,Phytother Res,2016,Narrative review,1,/herbs/rheum-palmatum/
27213821,10.1002/ptr.5640,Effects of Turmeric (Curcuma longa) on Skin Health: A Systematic Review of the Clinical Evidence,Vaughn AR et al.,Phytother Res,2016,Systematic review,1,/herbs/turmeric/
27222528,10.1177/0394632016651648,Sunflower seed allergy,Ukleja-Sokołowska N et al.,Int J Immunopathol Pharmacol,2016,Unclassified,1,/herbs/mugwort/
27282571,10.1016/j.bcmd.2016.04.002,Molecular characterization of six new cases of red blood cell hexokinase deficiency yields four novel mutations in HK1,Koralkova P et al.,Blood Cells Mol Dis,2016,Unclassified,1,/compounds/red-yeast-rice/
27347994,10.3390/nu8070388,Efficacy of Aloe Vera Supplementation on Prediabetes and Early Non-Treated Diabetic Patients: A Systematic Review and Meta-Analysis of Randomized Controlled Trials,Zhang Y et al.,Nutrients,2016,Meta-analysis,1,/herbs/aloe-vera/
27399234,10.1055/s-0042-110496,A Review of the Medicinal Uses and Pharmacology of Ashitaba,Caesar LK and Cech NB,Planta Med,2016,Unclassified,1,/herbs/ashitaba/
27403209,10.5770/cgj.19.220,Impact of the 'Artful Moments' Intervention on Persons with Dementia and Their Care Partners: a Pilot Study,Hazzan AA et al.,Can Geriatr J,2016,Unclassified,1,/herbs/curcumin/
27533649,10.1089/jmf.2016.3705,Efficacy of Turmeric Extracts and Curcumin for Alleviating the Symptoms of Joint Arthritis: A Systematic Review and Meta-Analysis of Randomized Clinical Trials,Daily JW et al.,J Med Food,2016,Meta-analysis,1,/herbs/curcumin/
27551171,10.5152/eurasianjmed.2015.15030,Effects of Native Type II Collagen Treatment on Knee Osteoarthritis: A Randomized Controlled Trial,Bakilan F et al.,Eurasian J Med,2016,Unclassified,1,/compounds/uc-ii-collagen/
27671811,10.1007/978-3-319-41334-1_2,Berberine and Its Role in Chronic Disease,Cicero AF and Baggioni A,Adv Exp Med Biol,2016,Narrative review,5,/herbs/berberis-vulgaris/ /herbs/berberis/ /herbs/goldenseal/ /herbs/phellodendron-amurense/ /herbs/phellodendron/
27677719,10.1124/pr.115.010843,Botanicals and Their Bioactive Phytochemicals for Women's Health,Dietz BM et al.,Pharmacol Rev,2016,Narrative review,5,/herbs/angelica-sinensis/ /herbs/dong-quai/ /herbs/epimedium/ /herbs/hops/ /herbs/kudzu/
27771932,10.1007/978-3-319-41342-6_15,Guggulsterone and Its Role in Chronic Diseases,Yamada T and Sugimoto K,Adv Exp Med Biol,2016,Narrative review,1,/compounds/guggulsterone/
27837604,,Curcumin (Turmeric) and cancer,Unlu A et al.,J BUON,2016,Narrative review,1,/herbs/curcumin/
24191306,10.1177/2047487313510894,"Response to: 'Trends in cardiovascular diseases and cancer mortality in 45 countries from five continents (1980-2010)', by, Araújo F, Gouvinhas C, Fontes F, et al",Lotufo PA and Bensenor IM,Eur J Prev Cardiol,2015,Unclassified,1,/compounds/vitamin-d/
24915350,10.1080/10408398.2012.678949,Tea and its consumption: benefits and risks,Hayat K et al.,Crit Rev Food Sci Nutr,2015,Narrative review,1,/herbs/black-tea/
25128263,10.1016/j.ijom.2014.07.012,Wound ballistics of firearm-related injuries--part 2: mechanisms of skeletal injury and characteristics of maxillofacial ballistic trauma,Stefanopoulos PK et al.,Int J Oral Maxillofac Surg,2015,Narrative review,1,/compounds/melatonin/
25240931,10.1007/s00216-014-8109-9,"GC-MS, LC-MS(n), LC-high resolution-MS(n), and NMR studies on the metabolism and toxicological detection of mesembrine and mesembrenone, the main alkaloids of the legal high ""Kanna"" isolated from Sceletium tortuosum",Meyer GM et al.,Anal Bioanal Chem,2015,Unclassified,1,/herbs/kanna/
25287985,10.1016/j.jadohealth.2014.08.002,Blue blocker glasses as a countermeasure for alerting effects of evening light-emitting diode screen exposure in male teenagers,van der Lely S et al.,J Adolesc Health,2015,Unclassified,1,/compounds/omega-3/
25484177,10.1016/j.jad.2014.11.035,"Crocin, the main active saffron constituent, as an adjunctive treatment in major depressive disorder: a randomized, double-blind, placebo-controlled, pilot clinical trial",Talaei A et al.,J Affect Disord,2015,Randomized controlled trial,1,/compounds/crocin/
25498346,10.1016/j.jep.2014.09.049,"Meta-analysis of the effect and safety of berberine in the treatment of type 2 diabetes mellitus, hyperlipemia and hypertension",Lan J et al.,J Ethnopharmacol,2015,Meta-analysis,1,/herbs/phellodendron/
25576957,10.1016/j.fct.2014.12.021,Toxicological assessment of Ashitaba Chalcone,Maronpot RR,Food Chem Toxicol,2015,Narrative review,1,/herbs/ashitaba/
25588369,10.1080/14786419.2014.1000897,Clinical evaluation of Moro (Citrus sinensis (L.) Osbeck) orange juice supplementation for the weight management,Cardile V et al.,Nat Prod Res,2015,Randomized controlled trial,1,/herbs/citrus-sinensis/
25676062,10.1002/jmv.24142,Association of human papillomavirus type 58 with breast cancer in Shaanxi province of China,Fu L et al.,J Med Virol,2015,Unclassified,1,/compounds/berberine/
25784877,10.3389/fphar.2015.00036,Citrus bergamia essential oil: from basic research to clinical application,Navarra M et al.,Front Pharmacol,2015,Narrative review,1,/herbs/citrus-bergamia/
25808252,10.1111/jch.12542,"Celebrate World Hypertension Day (WHD) on May 17, 2015, and contribute to improving awareness of hypertension",Campbell N et al.,J Clin Hypertens (Greenwich),2015,Unclassified,1,/compounds/probiotics/
25889885,10.1186/s12937-015-0013-4,Salacia reticulata (Kothala himbutu) revisited; a missed opportunity to treat diabetes and obesity?,Medagama AB,Nutr J,2015,Narrative review,1,/herbs/salacia-reticulata/
25933483,10.1016/j.nut.2014.10.014,Phosphatidylserine and the human brain,Glade MJ and Smith K,Nutrition,2015,Narrative review,1,/herbs/phosphatidylserine/
26000480,10.1016/j.cell.2015.05.011,Treatment of obesity with celastrol,Liu J et al.,Cell,2015,Unclassified,1,/herbs/thunder-god-vine/
26031882,10.1002/ptr.5382,Anti-diabetic and Anti-hyperlipidemic Effects and Safety of Salacia reticulata and Related Species,Stohs SJ and Ray S,Phytother Res,2015,Narrative review,1,/herbs/salacia-reticulata/
26046143,10.1007/s00299-015-1754-4,Dendrobium micropropagation: a review,da Silva JA et al.,Plant Cell Rep,2015,Narrative review,1,/herbs/dendrobium/
26231448,10.1016/j.jep.2015.07.039,Ethanol extract of Bupleurum falcatum and saikosaponins inhibit neuroinflammation via inhibition of NF-κB,Park WH et al.,J Ethnopharmacol,2015,Unclassified,1,/herbs/bupleurum-falcatum/
26243582,10.1142/S0192415X15500500,"Cnidium monnieri: A Review of Traditional Uses, Phytochemical and Ethnopharmacological Properties",Li YM et al.,Am J Chin Med,2015,Narrative review,1,/herbs/cnidium-monnieri/
26310198,10.1007/s11130-015-0503-8,Pharmacological Studies of Artichoke Leaf Extract and Their Health Benefits,Ben Salem M et al.,Plant Foods Hum Nutr,2015,Narrative review,1,/herbs/artichoke/
26448818,10.1155/2015/709628,Anti-Aging Potential of Phytoextract Loaded-Pharmaceutical Creams for Human Skin Cell Longetivity,Jadoon S et al.,Oxid Med Cell Longev,2015,Narrative review,2,/herbs/lithospermum-erythrorhizon/ /herbs/nelumbo-nucifera/
27132744,,Manjunath,Pandya S,Natl Med J India,2015,Unclassified,1,/compounds/omega-3/
27833367,10.4103/0974-8520.190700,Clinical efficacy of Punarnava Mandura and Dhatri Lauha in the management of Garbhini Pandu (anemia in pregnancy),Khandelwal DA et al.,Ayu,2015,Unclassified,1,/herbs/punarnava/
23754792,10.1002/ptr.5017,Tongkat Ali as a potential herbal supplement for physically active male and female seniors--a pilot study,Henkel RR et al.,Phytother Res,2014,Unclassified,1,/herbs/tongkat-ali/
23832433,10.1002/ptr.5025,Efficacy and safety of curcumin in major depressive disorder: a randomized controlled trial,Sanmukhani J et al.,Phytother Res,2014,Randomized controlled trial,1,/herbs/curcumin/
23949208,10.1159/000351376,"Oral supplementation of specific collagen peptides has beneficial effects on human skin physiology: a double-blind, placebo-controlled study",Proksch E et al.,Skin Pharmacol Physiol,2014,Randomized controlled trial,1,/compounds/collagen-peptides/
24339367,10.1002/ptr.5083,Puerarin: a review of pharmacological effects,Zhou YX et al.,Phytother Res,2014,Narrative review,1,/herbs/pueraria-lobata/
24365638,10.1016/j.jep.2013.12.018,Danggui to Angelica sinensis root: are potential benefits to European women lost in translation? A review,Hook IL,J Ethnopharmacol,2014,Narrative review,1,/herbs/angelica-root/
24456909,10.1017/S1461145714000017,"Lavender oil preparation Silexan is effective in generalized anxiety disorder--a randomized, double-blind comparison to placebo and paroxetine",Kasper S et al.,Int J Neuropsychopharmacol,2014,Randomized controlled trial,2,/compounds/lavender-extract/ /compounds/lavender/
24471735,10.1111/ics.12117,Bakuchiol: a retinol-like functional compound revealed by gene expression profiling and clinically proven to have anti-aging effects,Chaudhuri RK and Bojanowski K,Int J Cosmet Sci,2014,Unclassified,1,/herbs/psoralea-corylifolia/
24533610,10.1080/07315724.2014.870013,The efficacy of glucomannan supplementation in overweight and obesity: a systematic review and meta-analysis of randomized clinical trials,Onakpoya I et al.,J Am Coll Nutr,2014,Meta-analysis,1,/compounds/glucomannan/
24554461,10.1002/14651858.CD000530.pub3,Echinacea for preventing and treating the common cold,Karsch-Völk M et al.,Cochrane Database Syst Rev,2014,Meta-analysis,1,/compounds/echinacea/
24598311,10.4161/psb.28275,The role of L-DOPA in plants,Soares AR et al.,Plant Signal Behav,2014,Narrative review,1,/herbs/mucuna/
24600529,10.1155/2014/281483,Terminalia arjuna in Chronic Stable Angina: Systematic Review and Meta-Analysis,Kaur N et al.,Cardiol Res Pract,2014,Narrative review,1,/herbs/arjuna/
24646717,10.2131/jts.39.353,Pau d'arco activates Nrf2-dependent gene expression via the MEK/ERK-pathway,Richter M et al.,J Toxicol Sci,2014,Unclassified,1,/herbs/pau-d-arco/
24672232,10.2147/CIA.S58535,Efficacy and safety of Curcuma domestica extracts compared with ibuprofen in patients with knee osteoarthritis: a multicenter study,Kuptniratsaikul V et al.,Clin Interv Aging,2014,Randomized controlled trial,1,/herbs/turmeric/
24780090,10.1017/S0007114514000750,LDL-cholesterol-lowering effect of plant sterols and stanols across different dose ranges: a meta-analysis of randomised controlled studies,Ras RT et al.,Br J Nutr,2014,Meta-analysis,1,/compounds/plant-sterols/
24886774,10.1016/j.jep.2014.05.042,"Lawsonia inermis L. (henna): ethnobotanical, phytochemical and pharmacological aspects",Badoni Semwal R et al.,J Ethnopharmacol,2014,Narrative review,1,/herbs/lawsonia-inermis/
24912386,10.1038/nrgastro.2014.66,Expert consensus document. The International Scientific Association for Probiotics and Prebiotics consensus statement on the scope and appropriate use of the term probiotic,Hill C et al.,Nat Rev Gastroenterol Hepatol,2014,Unclassified,1,/compounds/probiotics/
24941673,10.1007/978-3-0348-0828-6_11,Capsaicin for osteoarthritis pain,Laslett LL and Jones G,Prog Drug Res,2014,Narrative review,1,/compounds/capsaicin/
25005060,10.1007/s00253-014-5899-9,Biotechnological production of eleutherosides: current state and perspectives,Murthy HN et al.,Appl Microbiol Biotechnol,2014,Narrative review,1,/herbs/eleuthero/
25059961,10.1136/vr.g4746,One Health: time to move on from just talking,Honey L,Vet Rec,2014,Unclassified,1,/compounds/potassium/
25153873,10.3390/molecules190812591,Allicin: chemistry and biological properties,Borlinghaus J et al.,Molecules,2014,Narrative review,1,/herbs/garlic/
25174896,10.1016/j.ajo.2014.08.036,New insights into the development of infantile intraocular medulloepithelioma,Jakobiec FA et al.,Am J Ophthalmol,2014,Unclassified,1,/compounds/coq10/
25282031,10.1016/j.jchf.2014.06.008,The effect of coenzyme Q10 on morbidity and mortality in chronic heart failure: results from Q-SYMBIO: a randomized double-blind trial,Mortensen SA et al.,JACC Heart Fail,2014,Randomized controlled trial,1,/compounds/coq10/
25374169,10.7314/apjcp.2014.15.20.8571,Health benefits of Moringa oleifera,Abdull Razis AF et al.,Asian Pac J Cancer Prev,2014,Narrative review,1,/herbs/moringa/
26664234,10.4103/0974-8520.153735,A clinical study of Punarnava Mandura in the management of Pandu Roga in old age (geriatric anemia),Pandya MG and Dave AR,Ayu,2014,Unclassified,1,/herbs/punarnava/
22492349,10.1007/s12098-012-0738-4,"Prevalence and pattern of congenital heart disease in Uttarakhand, India",Bhat NK et al.,Indian J Pediatr,2013,Unclassified,1,/herbs/garlic/
22736219,10.1002/cncr.27692,"Who should be included in a clinical trial of screening for bladder cancer?: a decision analysis of data from the Prostate, Lung, Colorectal and Ovarian Cancer Screening Trial",Vickers AJ et al.,Cancer,2013,Unclassified,1,/compounds/vitamin-d/
22746542,10.3109/09637486.2012.700920,"Beneficial effects of artichoke leaf extract supplementation on increasing HDL-cholesterol in subjects with primary mild hypercholesterolaemia: a double-blind, randomized, placebo-controlled trial",Rondanelli M et al.,Int J Food Sci Nutr,2013,Randomized controlled trial,1,/compounds/artichoke-extract/
22960104,10.1016/j.pnpbp.2012.08.004,Coumarins from Angelica archangelica Linn. and their effects on anxiety-like behavior,Kumar D et al.,Prog Neuropsychopharmacol Biol Psychiatry,2013,Unclassified,1,/herbs/angelica-archangelica/
22976133,10.1002/ptr.4846,A review and evaluation of the efficacy and safety of Cissus quadrangularis extracts,Stohs SJ and Ray SD,Phytother Res,2013,Narrative review,1,/herbs/cissus/
23089553,10.1177/1534735412451320,Aegle marmelos (L.) Correa (Bael) and its phytochemicals in the treatment and prevention of cancer,Baliga MS et al.,Integr Cancer Ther,2013,Narrative review,1,/herbs/bael/
23347199,10.1111/jpc.12087,High prevalence of rheumatic heart disease in schoolchildren detected by echocardiography screening in New Caledonia,Baroux N et al.,J Paediatr Child Health,2013,Unclassified,1,/herbs/resveratrol/
23369181,10.1186/2045-7022-3-3,The skin prick test - European standards,Heinzerling L et al.,Clin Transl Allergy,2013,Unclassified,1,/herbs/mugwort/
23440782,10.1002/14651858.CD000980.pub4,Vitamin C for preventing and treating the common cold,Hemilä H and Chalker E,Cochrane Database Syst Rev,2013,Meta-analysis,1,/compounds/vitamin-c/
23472485,10.7861/clinmedicine.13-1-7,Adverse effects of herbal medicines: an overview of systematic reviews,Posadzki P et al.,Clin Med (Lond),2013,Narrative review,3,/herbs/gymnema-sylvestre/ /herbs/harpagophytum-procumbens/ /herbs/morinda-citrifolia/
23609775,10.3390/nu5041417,Fiber and prebiotics: mechanisms and health benefits,Slavin J,Nutrients,2013,Narrative review,1,/herbs/psyllium/
23644932,10.1001/jama.2013.4997,Lutein + zeaxanthin and omega-3 fatty acids for age-related macular degeneration: the Age-Related Eye Disease Study 2 (AREDS2) randomized clinical trial,,JAMA,2013,Randomized controlled trial,2,/compounds/lutein/ /compounds/zeaxanthin/
23646296,10.1016/S2221-1691(13)60075-1,A review on therapeutic potential of Nigella sativa: A miracle herb,Ahmad A et al.,Asian Pac J Trop Biomed,2013,Narrative review,1,/herbs/nigella-sativa/
23691095,10.1371/journal.pone.0063773,Meta-analysis: melatonin for the treatment of primary sleep disorders,Ferracioli-Oda E et al.,PLoS One,2013,Meta-analysis,1,/compounds/melatonin/
24035939,,Effects of Allium sativum (garlic) on systolic and diastolic blood pressure in patients with essential hypertension,Ashraf R et al.,Pak J Pharm Sci,2013,Uncontrolled trial,1,/herbs/garlic/
24153020,10.1186/1550-2783-10-48,"Undenatured type II collagen (UC-II®) for joint support: a randomized, double-blind, placebo-controlled study in healthy volunteers",Lugo JP et al.,J Int Soc Sports Nutr,2013,Unclassified,1,/compounds/uc-ii-collagen/
30722342,10.1094/PDIS-08-12-0799-PDN,First Report of Fruit Rot on Schisandra chinensis Caused by Penicillium glabrum and P. adametzii in China,Chen CQ et al.,Plant Dis,2013,Unclassified,1,/herbs/schisandra/
21945692,10.1016/j.neuroimage.2011.09.016,SUMA,Saad ZS and Reynolds RC,Neuroimage,2012,Narrative review,1,/herbs/suma/
22095937,10.1002/ptr.3664,A review of the efficacy and safety of banaba (Lagerstroemia speciosa L.) and corosolic acid,Stohs SJ et al.,Phytother Res,2012,Narrative review,1,/herbs/lagerstroemia-speciosa/
22167571,10.1177/0091270011422811,Increased bioavailability of 11-keto-β-boswellic acid following single oral dose frankincense extract administration after a standardized meal in healthy male volunteers: modeling and simulation considerations for evaluating drug exposures,Skarke C et al.,J Clin Pharmacol,2012,Randomized controlled trial,1,/compounds/11-keto-beta-boswellic-acid/
22271614,10.1002/marc.201100825,Synthesis of hyperbranched polyethylene amphiphiles by chain walking polymerization in tandem with RAFT polymerization and supramolecular self-assembly vesicles,Shi X et al.,Macromol Rapid Commun,2012,Unclassified,1,/herbs/resveratrol/
22414105,10.2174/092986712800229096,Nature against depression,El-Alfy AT et al.,Curr Med Chem,2012,Narrative review,1,/herbs/polygala/
22450800,10.4014/jmb.1110.10077,Bupleurum falcatum prevents depression and anxiety-like behaviors in rats exposed to repeated restraint stress,Lee B et al.,J Microbiol Biotechnol,2012,Unclassified,1,/herbs/bupleurum-falcatum/
22460444,10.1007/s11684-012-0184-8,Medical applications of phytoestrogens from the Thai herb Pueraria mirifica,Malaivijitnond S,Front Med,2012,Narrative review,1,/herbs/pueraria-mirifica/
22554242,10.1146/annurev-arplant-042811-105439,The shikimate pathway and aromatic amino Acid biosynthesis in plants,Maeda H and Dudareva N,Annu Rev Plant Biol,2012,Narrative review,1,/herbs/tyrosine/
22561883,10.1016/j.mrgentox.2012.04.009,Estragole: a weak direct-acting food-borne genotoxin and potential carcinogen,Martins C et al.,Mutat Res,2012,Unclassified,1,/herbs/anise-hyssop/
22592140,10.1016/j.drugalcdep.2012.04.013,Police custody following drink-driving: a prospective study,Lepresle A et al.,Drug Alcohol Depend,2012,Unclassified,1,/herbs/gymnema-sylvestre/
22632862,10.2174/138161212803216979,The use of herbal medicine in cancer-related anorexia/ cachexia treatment around the world,Cheng KC et al.,Curr Pharm Des,2012,Narrative review,1,/herbs/pau-d-arco/
22719626,10.1107/S1600536812020788,"(1S,5R,7R,30S)-14-De-oxy-isogarcinol",Kaur R et al.,Acta Crystallogr Sect E Struct Rep Online,2012,Unclassified,1,/herbs/garcinia-indica/
22739410,10.1016/j.phymed.2012.05.009,Lipid-lowering effect of berberine in human subjects and rats,Hu Y et al.,Phytomedicine,2012,Uncontrolled trial,1,/compounds/berberine/
22772918,10.1007/s11655-012-1142-7,Isobavachalcone: an overview,Kuete V and Sandjo LP,Chin J Integr Med,2012,Narrative review,1,/herbs/psoralea-corylifolia/
23723672,10.4103/0974-8520.110535,Clinical efficacy of Gokshura-Punarnava Basti in the management of microalbuminuria in diabetes mellitus,Ramteke RS et al.,Ayu,2012,Unclassified,1,/herbs/punarnava/
23853635,,The effect of magnesium supplementation on primary insomnia in elderly: A double-blind placebo-controlled clinical trial,Abbasi B et al.,J Res Med Sci,2012,Unclassified,1,/compounds/magnesium/
24575672,,In vitro antioxidant activities of extract and oil from roselle (Hibiscus sabdariffa L.) seed against sunflower oil autoxidation,Nyam KL et al.,Malays J Nutr,2012,Unclassified,1,/herbs/roselle-seed/
20091037,10.1007/s00296-009-1250-7,Biopsychosocial determinants of physical and mental fatigue in patients with spondyloarthropathy,Da Costa D et al.,Rheumatol Int,2011,Unclassified,1,/compounds/melatonin/
20981575,10.1007/s10787-010-0062-4,A review of the pharmacological effects of Arctium lappa (burdock),Chan YS et al.,Inflammopharmacology,2011,Narrative review,1,/herbs/burdock/
21129941,10.1016/j.jtemb.2010.10.001,Comparative effects of daily and weekly boron supplementation on plasma steroid hormones and proinflammatory cytokines,Naghii MR et al.,J Trace Elem Med Biol,2011,Unclassified,1,/compounds/boron/
21254395,10.1002/mnfr.201000511,Pharmacokinetics of α-mangostin in rats after intravenous and oral application,Li L et al.,Mol Nutr Food Res,2011,Unclassified,1,/compounds/alpha-mangostin/
21315814,10.1016/j.jep.2011.02.001,Kudzu root: traditional uses and potential medicinal benefits in diabetes and cardiovascular diseases,Wong KH et al.,J Ethnopharmacol,2011,Narrative review,1,/herbs/kudzu/
21346706,,"Fatal laboratory-acquired infection with an attenuated Yersinia pestis Strain--Chicago, Illinois, 2009",,MMWR Morb Mortal Wkly Rep,2011,Unclassified,1,/compounds/berberine/
21443487,10.2174/138161211795428911,Molecular mechanisms of inflammation. Anti-inflammatory benefits of virgin olive oil and the phenolic compound oleocanthal,Lucas L et al.,Curr Pharm Des,2011,Narrative review,1,/compounds/olive-leaf-extract/
21480800,10.1089/jmf.2010.0095,Maitake (D fraction) mushroom extract induces apoptosis in breast cancer cells by BAK-1 gene activation,Soares R et al.,J Med Food,2011,Unclassified,1,/herbs/maitake-d-fraction/
21708034,10.1186/1472-6882-11-50,Efficacy of methylsulfonylmethane supplementation on osteoarthritis of the knee: a randomized controlled study,Debbi EM et al.,BMC Complement Altern Med,2011,Randomized controlled trial,1,/compounds/msm/
21875536,10.1016/j.anai.2011.06.020,Spice allergy,Chen JL and Bahna SL,Ann Allergy Asthma Immunol,2011,Narrative review,1,/herbs/mugwort/
21908763,10.1093/toxsci/kfr235,"Methysticin and 7,8-dihydromethysticin are two major kavalactones in kava extract to induce CYP1A1",Li Y et al.,Toxicol Sci,2011,Unclassified,1,/compounds/dihydromethysticin/
21942448,10.1021/jf202277w,"Artemisia dracunculus L. (tarragon): a critical review of its traditional use, chemical composition, pharmacology, and safety",Obolskiy D et al.,J Agric Food Chem,2011,Narrative review,1,/herbs/artemisia-dracunculus/
22024337,10.1016/j.tox.2011.09.088,Comprehensive toxicity study of safrole using a medium-term animal model with gpt delta rats,Jin M et al.,Toxicology,2011,Unclassified,1,/herbs/ocotea-odorifera/
30731931,10.1094/PDIS-02-11-0086,First Report of Botrytis Leaf Blight and Fruit Rot on Schisandra chinensis Caused by Botrytis cinerea in China,Yu RH et al.,Plant Dis,2011,Unclassified,1,/herbs/schisandra/
19507027,10.1007/s10620-009-0854-9,"The effect of enteric-coated, delayed-release peppermint oil on irritable bowel syndrome",Merat S et al.,Dig Dis Sci,2010,Randomized controlled trial,1,/compounds/peppermint-oil/
19576959,10.1016/j.neulet.2009.06.092,Microneurography of pruritus,Handwerker HO,Neurosci Lett,2010,Narrative review,1,/herbs/mucuna/
19926708,10.1677/ERC-09-0262,Apoptosis by dietary agents for prevention and treatment of prostate cancer,Khan N et al.,Endocr Relat Cancer,2010,Narrative review,1,/compounds/selenium/
20032972,10.1038/clpt.2009.251,Pharmacokinetics of 23-epi-26-deoxyactein in women after oral administration of a standardized extract of black cohosh,van Breemen RB et al.,Clin Pharmacol Ther,2010,Randomized controlled trial,1,/compounds/23-epi-26-deoxyactein/
20182035,10.3233/JAD-2010-091315,Is caffeine a cognitive enhancer?,Nehlig A,J Alzheimers Dis,2010,Narrative review,1,/compounds/caffeine/
20378318,10.1016/j.phymed.2010.02.002,"Rosenroot (Rhodiola rosea): traditional use, chemical composition, pharmacology and clinical efficacy",Panossian A et al.,Phytomedicine,2010,Narrative review,1,/herbs/rhodiola/
20386132,10.1519/JSC.0b013e3181cb28e0,Citrulline malate enhances athletic anaerobic performance and relieves muscle soreness,Pérez-Guisado J and Jakeman PM,J Strength Cond Res,2010,Randomized controlled trial,1,/compounds/taurine/
20458757,10.3748/wjg.v16.i18.2202,Systematic review and meta-analysis of Saccharomyces boulardii in adult patients,McFarland LV,World J Gastroenterol,2010,Meta-analysis,1,/compounds/saccharomyces-boulardii/
20505356,10.4161/psb.5.8.11826,Stress-induced flowering,Wada KC and Takeno K,Plant Signal Behav,2010,Narrative review,1,/herbs/perilla/
21144345,,Mentha piperita (peppermint),Herro E and Jacob SE,Dermatitis,2010,Unclassified,1,/herbs/peppermint/
21170695,10.1007/s10354-010-0845-7,"Efficacy and safety of silexan, a new, orally administered lavender oil preparation, in subthreshold anxiety disorder - evidence from clinical trials",Kasper S et al.,Wien Med Wochenschr,2010,Narrative review,1,/compounds/lavender-extract/
21589758,10.4103/0974-8490.72330,Variation in gymnemic acid content and non-destructive harvesting of Gymnema sylvestre (Gudmar),Pandey AK and Yadav S,Pharmacognosy Res,2010,Unclassified,1,/herbs/gudmar/
22228940,10.4103/0973-7847.65325,Mangifera indica (mango),Shah KA et al.,Pharmacogn Rev,2010,Unclassified,1,/herbs/mangifera-indica/
18844328,10.1002/ptr.2634,Improving effects of the mushroom Yamabushitake (Hericium erinaceus) on mild cognitive impairment: a double-blind placebo-controlled clinical trial,Mori K et al.,Phytother Res,2009,Randomized controlled trial,1,/herbs/lions-mane/
18940228,10.1016/j.fct.2008.09.061,Ameliorative effect of ajwain extract on hexachlorocyclohexane-induced lipid peroxidation in rat liver,Anilakumar KR et al.,Food Chem Toxicol,2009,Unclassified,1,/herbs/ajwain/
18992801,10.1016/j.jep.2008.10.004,Red Lapacho (Tabebuia impetiginosa)--a global ethnopharmacological commodity?,Gómez Castellanos JR et al.,J Ethnopharmacol,2009,Narrative review,1,/herbs/pau-d-arco/
19016404,10.1055/s-0028-1088346,"A randomised, double-blind, placebo-controlled, parallel-group study of the standardised extract shr-5 of the roots of Rhodiola rosea in the treatment of subjects with stress-related fatigue",Olsson EM et al.,Planta Med,2009,Randomized controlled trial,1,/herbs/rhodiola/
19126292,10.1211/jpp/61.01.0003,"Curcuma zedoaria Rosc. (white turmeric): a review of its chemical, pharmacological and ethnomedicinal properties",Lobo R et al.,J Pharm Pharmacol,2009,Narrative review,1,/herbs/curcuma-zedoaria/
19147492,10.1074/jbc.M808071200,Oxidative stress-induced peptidoglycan deacetylase in Helicobacter pylori,Wang G et al.,J Biol Chem,2009,Unclassified,1,/compounds/vitamin-c/
19397987,10.1016/j.jep.2009.04.039,Gastric antisecretory and antiulcer activities of Cyclea peltata (Lam.) Hook. f. & Thoms. in rats,Shine VJ et al.,J Ethnopharmacol,2009,Unclassified,1,/herbs/cyclea-peltata/
19589961,10.1152/japplphysiol.00076.2009,"Ingestion of whey hydrolysate, casein, or soy protein isolate: effects on mixed muscle protein synthesis at rest and following resistance exercise in young men",Tang JE et al.,J Appl Physiol (1985),2009,Unclassified,1,/herbs/quercetin/
19593179,10.1097/JCP.0b013e3181ac935c,"A randomized, double-blind, placebo-controlled trial of oral Matricaria recutita (chamomile) extract therapy for generalized anxiety disorder",Amsterdam JD et al.,J Clin Psychopharmacol,2009,Randomized controlled trial,1,/compounds/chamomile/
19594223,,"Anti-inflammatory properties of curcumin, a major constituent of Curcuma longa: a review of preclinical and clinical research",Jurenka JS,Altern Med Rev,2009,Narrative review,1,/herbs/curcumin/
19597519,10.1038/ijo.2009.135,The effects of green tea on weight loss and weight maintenance: a meta-analysis,Hursel R et al.,Int J Obes (Lond),2009,Meta-analysis,1,/compounds/egcg-caffeine/
19719333,10.2165/11317010-000000000-00000,Interactions between herbal medicines and prescribed drugs: an updated systematic review,Izzo AA and Ernst E,Drugs,2009,Systematic review,1,/herbs/saw-palmetto/
19773644,10.1097/FBP.0b013e3283323c2a,Cognitive effects of creatine ethyl ester supplementation,Ling J et al.,Behav Pharmacol,2009,Uncontrolled trial,1,/compounds/creatine/
19789403,10.1093/eurjhf/hfp116,Hawthorn Extract Randomized Blinded Chronic Heart Failure (HERB CHF) trial,Zick SM et al.,Eur J Heart Fail,2009,Randomized controlled trial,1,/compounds/hawthorn-extract/
19912732,10.3736/jcim20091101,"An update on Shankhpushpi, a cognition-boosting Ayurvedic medicine",Sethiya NK et al.,Zhong Xi Yi Jie He Xue Bao,2009,Narrative review,1,/herbs/shankhpushpi/
17919303,10.1111/j.1610-0387.2007.06425.x,Contact allergy and medicinal herbs,Aberer W,J Dtsch Dermatol Ges,2008,Narrative review,1,/herbs/elecampane/
18072817,10.2165/00023210-200822010-00007,Spotlight on rasagiline in Parkinson's disease,Oldfield V et al.,CNS Drugs,2008,Unclassified,1,/herbs/maca/
18204103,,Safety and efficacy of cranberry (vaccinium macrocarpon) during pregnancy and lactation,Dugoua JJ et al.,Can J Clin Pharmacol,2008,Narrative review,1,/herbs/cranberry/
18326600,10.1093/ajcn/87.3.621,Weight-loss diet that includes consumption of medium-chain triacylglycerol oil leads to a greater rate of weight and fat mass loss than does olive oil,St-Onge MP and Bosarge A,Am J Clin Nutr,2008,Randomized controlled trial,1,/compounds/mct-oil/
18442638,10.1016/j.metabol.2008.01.013,Efficacy of berberine in patients with type 2 diabetes mellitus,Yin J et al.,Metabolism,2008,Randomized controlled trial,1,/compounds/berberine/
18446848,10.1002/ptr.2362,Review of pharmacological effects of Glycyrrhiza sp. and its bioactive compounds,Asl MN and Hosseinzadeh H,Phytother Res,2008,Narrative review,1,/herbs/licorice/
18497367,10.1152/jn.90289.2008,Adaptation of orientation vectors of otolith-related central vestibular neurons to gravity,Eron JN et al.,J Neurophysiol,2008,Unclassified,1,/compounds/omega-3/
18499602,10.1213/ane.0b013e318172c3f9,"Preoperative oral Passiflora incarnata reduces anxiety in ambulatory surgery patients: a double-blind, placebo-controlled study",Movafegh A et al.,Anesth Analg,2008,Randomized controlled trial,2,/compounds/passionflower/ /herbs/passiflora-incarnata/
18611150,10.1089/acm.2008.0018,"Effects of a standardized Bacopa monnieri extract on cognitive performance, anxiety, and depression in the elderly: a randomized, double-blind, placebo-controlled trial",Calabrese C et al.,J Altern Complement Med,2008,Randomized controlled trial,1,/herbs/bacopa/
18681988,10.1179/147683008X301513,The combined effects of L-theanine and caffeine on cognitive performance and mood,Owen GN et al.,Nutr Neurosci,2008,Randomized controlled trial,1,/compounds/caffeine-l-theanine/
18711167,10.7326/0003-4819-149-4-200808190-00016,Why choose serum cystatin C levels over serum creatinine levels as a serologic marker of kidney function?,Ben-Dov IZ,Ann Intern Med,2008,Unclassified,1,/compounds/iron/
18842808,10.1093/ajcn/88.4.1167,"Effect of glucomannan on plasma lipid and glucose concentrations, body weight, and blood pressure: systematic review and meta-analysis",Sood N et al.,Am J Clin Nutr,2008,Meta-analysis,1,/compounds/glucomannan/
18971533,10.1291/hypres.31.1583,"Effects of nattokinase on blood pressure: a randomized, controlled trial",Kim JY et al.,Hypertens Res,2008,Randomized controlled trial,1,/compounds/nattokinase/
17089328,10.1002/ptr.2023,Moringa oleifera: a food plant with multiple medicinal uses,Anwar F et al.,Phytother Res,2007,Narrative review,1,/herbs/moringa/
17128436,10.1002/ptr.2029,A review of the biological and potential therapeutic actions of Harpagophytum procumbens,Grant L et al.,Phytother Res,2007,Narrative review,1,/herbs/harpagophytum-procumbens/
17210508,10.1016/j.ctcp.2006.10.003,Cat's claw: an Amazonian vine decreases inflammation in osteoarthritis,Hardin SR,Complement Ther Clin Pract,2007,Narrative review,1,/herbs/cat-s-claw/
17344500,10.1093/ajcn/85.3.778,Iron treatment normalizes cognitive functioning in young women,Murray-Kolb LE and Beard JL,Am J Clin Nutr,2007,Randomized controlled trial,1,/compounds/iron/
17427617,,Peppermint oil,Kligler B and Chaudhary S,Am Fam Physician,2007,Narrative review,1,/herbs/caraway/
17470176,10.1111/j.1442-2042.2007.01576.x,Hematospermia associated with congenital arteriovenous malformation of internal iliac vessels,Suzuki K et al.,Int J Urol,2007,Unclassified,1,/compounds/hawthorn-extract/
17470980,10.1088/0967-3334/28/5/001,Esophageal temperature monitoring during radiofrequency catheter ablation: experimental study based on an agar phantom model,Rodríguez I et al.,Physiol Meas,2007,Unclassified,2,/compounds/chondroitin/ /compounds/glucosamine/
17509841,10.1016/j.phymed.2007.03.014,A comprehensive review on the stinging nettle effect and efficacy profiles. Part II: urticae radix,Chrubasik JE et al.,Phytomedicine,2007,Narrative review,1,/herbs/nettle-root/
17530942,10.1519/R-18395.1,The effect of five weeks of Tribulus terrestris supplementation on muscle strength and body composition during preseason training in elite rugby league players,Rogerson S et al.,J Strength Cond Res,2007,Randomized controlled trial,1,/herbs/tribulus-terrestris/
17715566,10.1515/jbcpp.2007.18.2.101,Protective effect of Cyclea peltata Lam on cisplatin-induced nephrotoxicity and oxidative damage,Vijayan FP et al.,J Basic Clin Physiol Pharmacol,2007,Unclassified,1,/herbs/cyclea-peltata/
17995816,10.1111/j.1750-3841.2007.00285.x,Roselle (Hibiscus sabdariffa) seed oil is a rich source of gamma-tocopherol,Mohamed R et al.,J Food Sci,2007,Unclassified,1,/herbs/roselle-seed/
16332936,10.1210/jc.2005-1227,"Testosterone, dehydroepiandrosterone, and physical performance in older men: results from the Massachusetts Male Aging Study",O'Donnell AB et al.,J Clin Endocrinol Metab,2006,Unclassified,1,/compounds/american-ginseng-extract/
16416332,10.1007/s00213-005-0269-z,"Effect of creatine supplementation and sleep deprivation, with mild exercise, on cognitive and psychomotor performance, mood state, and plasma concentrations of catecholamines and cortisol",McMorris T et al.,Psychopharmacology (Berl),2006,Uncontrolled trial,1,/compounds/creatine/
16552829,10.1142/S0192415X06003734,"Biochemical basis of the ""Qi-invigorating"" action of Schisandra berry (wu-wei-zi) in Chinese medicine",Ko KM and Chiu PY,Am J Chin Med,2006,Unclassified,1,/herbs/schisandra-berry/
16767798,10.1002/ptr.1936,A review of the bioactivity and potential health benefits of peppermint tea (Mentha piperita L.),McKay DL and Blumberg JB,Phytother Res,2006,Narrative review,1,/herbs/peppermint/
16857355,10.1016/j.phymed.2006.03.016,Pharmaceutical prerequisites for a multi-target therapy,Kroll U and Cordes C,Phytomedicine,2006,Narrative review,1,/herbs/angelica-root/
16891209,10.1080/10408690590957322,Absinthe--a review,Lachenmeier DW et al.,Crit Rev Food Sci Nutr,2006,Narrative review,1,/herbs/artemisia-absinthium/
16948356,10.2500/aap.2006.27.2879,Buckwheat allergy,Stember RH,Allergy Asthma Proc,2006,Unclassified,1,/herbs/buckwheat/
16988364,10.1385/1-59745-130-4:417,Brassica oleracea,Sparrow PA et al.,Methods Mol Biol,2006,Narrative review,1,/herbs/brassica-oleracea/
17095909,10.1097/MOL.0b013e3280106208,Reassessment of cardiovascular risk in diabetes,Jaffe JR et al.,Curr Opin Lipidol,2006,Narrative review,1,/compounds/bcaas/
17121765,10.1093/qjmed/hcl118,Bromelain as an adjunctive treatment for moderate-to-severe osteoarthritis of the knee: a randomized placebo-controlled pilot study,Brien S et al.,QJM,2006,Randomized controlled trial,1,/compounds/bromelain/
17145239,10.1016/j.amjmed.2006.02.026,Valerian for sleep: a systematic review and meta-analysis,Bent S et al.,Am J Med,2006,Meta-analysis,2,/compounds/valerian-root-extract/ /herbs/valerian/
17194255,10.1519/R-19655.1,Effects of twenty-eight days of beta-alanine and creatine monohydrate supplementation on the physical working capacity at neuromuscular fatigue threshold,Stout JR et al.,J Strength Cond Res,2006,Randomized controlled trial,1,/compounds/beta-alanine/
17212570,10.1089/acm.2006.12.981,Devil's Claw (Harpagophytum procumbens) as a treatment for osteoarthritis: a review of efficacy and safety,Brien S et al.,J Altern Complement Med,2006,Narrative review,1,/compounds/devils-claw/
15598647,10.1074/jbc.M410908200,Phosphorylation by Pho85 cyclin-dependent kinase acts as a signal for the down-regulation of the yeast sphingoid long-chain base kinase Lcb4 during the stationary phase,Iwaki S et al.,J Biol Chem,2005,Unclassified,1,/herbs/green-tea-extract/
15607555,10.1016/j.mehy.2004.07.023,A novel therapeutic strategy for Ehlers-Danlos syndrome based on nutritional supplements,Mantle D et al.,Med Hypotheses,2005,Unclassified,1,/compounds/l-carnitine/
15671130,10.1177/0269881105048899,Treatment of depression: time to consider folic acid and vitamin B12,Coppen A and Bolander-Gouaille C,J Psychopharmacol,2005,Narrative review,1,/compounds/folate/
15734706,,The effects of iodine on intelligence in children: a meta-analysis of studies conducted in China,Qian M et al.,Asia Pac J Clin Nutr,2005,Meta-analysis,1,/compounds/iodine/
16129715,10.1038/oby.2005.162,Body composition and hormonal adaptations associated with forskolin consumption in overweight and obese men,Godard MP et al.,Obes Res,2005,Randomized controlled trial,1,/compounds/forskolin/
16281088,10.1111/j.1745-7262.2005.00052.x,Aphrodisiac potentials of the aqueous extract of Fadogia agrestis (Schweinf. Ex Hiern) stem in male albino rats,Yakubu MT et al.,Asian J Androl,2005,Unclassified,1,/compounds/fadogia-agrestis/
14725492,10.2165/00126839-200405010-00009,Huperzine A,,Drugs R D,2004,Narrative review,1,/herbs/huperzia-serrata/
14767959,10.1002/anie.200352241,Disclosing new inhibitors by finding similarities in three-dimensional active-site architectures of polynuclear zinc phospholipases and aminopeptidases,González-Roura A et al.,Angew Chem Int Ed Engl,2004,Unclassified,1,/compounds/alpha-gpc/
15070181,10.1078/0944-7113-00290,Pharmacokinetic study of 11-Keto beta-Boswellic acid,Sharma S et al.,Phytomedicine,2004,Unclassified,1,/compounds/11-keto-beta-boswellic-acid/
15095142,10.1055/s-2004-818938,Andrographis paniculata in the treatment of upper respiratory tract infections: a systematic review of safety and efficacy,Coon JT and Ernst E,Planta Med,2004,Systematic review,2,/compounds/andrographis/ /compounds/andrographolide/
15208835,,A scientific review: the role of chromium in insulin resistance,Havel PJ,Diabetes Educ,2004,Narrative review,2,/compounds/chromium-picolinate/ /compounds/chromium/
15496046,10.1331/1544-3191.44.5.594.hulisz,Efficacy of zinc against common cold viruses: an overview,Hulisz D,J Am Pharm Assoc (2003),2004,Narrative review,1,/compounds/zinc/
15548480,10.1136/jnnp.2003.028761,Mucuna pruriens in Parkinson's disease: a double blind clinical and pharmacological study,Katzenschlager R et al.,J Neurol Neurosurg Psychiatry,2004,Randomized controlled trial,1,/compounds/mucuna-pruriens/
15671695,10.1089/jmf.2004.7.487,Effects of malted barley extract and banaba extract on blood glucose levels in genetically diabetic mice,Hong H and Jai Maeng W,J Med Food,2004,Unclassified,1,/herbs/lagerstroemia-speciosa/
15927925,,Iberis amara L. and Iberogast--results of a systematic review concerning functional dyspepsia,Melzer J et al.,J Herb Pharmacother,2004,Systematic review,1,/compounds/iberogast/
12482446,10.1016/s0031-9422(02)00513-7,Rosmarinic acid,Petersen M and Simmonds MS,Phytochemistry,2003,Narrative review,1,/herbs/tyrosine/
12612144,10.1093/jn/133.3.727,The consumption of processed tomato products enhances plasma lycopene concentrations in association with a reduced lipoprotein sensitivity to oxidative damage,Hadley CW et al.,J Nutr,2003,Randomized controlled trial,1,/compounds/chromium/
12706309,10.1016/s0378-3782(03)00008-2,Occurrence of oxygen desaturation events during preterm infant bottle feeding near discharge,Thoyre SM and Carlson J,Early Hum Dev,2003,Unclassified,1,/compounds/iron/
12874400,10.1212/01.wnl.0000073987.79060.4b,Abeta1-42 promotes cholinergic sprouting in patients with AD and Lewy body variant of AD,Masliah E et al.,Neurology,2003,Unclassified,1,/compounds/alpha-lipoic-acid/
12930169,10.1519/1533-4287(2003)017<0455:teolls>2.0.co;2,The effects of L-carnitine L-tartrate supplementation on hormonal responses to resistance exercise and recovery,Kraemer WJ et al.,J Strength Cond Res,2003,Randomized controlled trial,1,/compounds/carnitine-l-tartrate/
14668278,10.1093/ajcn/78.6.1152,"Water-miscible, emulsified, and solid forms of retinol supplements are more toxic than oil-based preparations",Myhre AM et al.,Am J Clin Nutr,2003,Meta-analysis,1,/compounds/selenium/
12112282,10.1002/ptr.1103,Biological activities of lavender essential oil,Cavanagh HM and Wilkinson JM,Phytother Res,2002,Narrative review,1,/herbs/lavandula-angustifolia/
12131602,10.1097/00004850-200207000-00005,A placebo-controlled study of Kava kava in generalized anxiety disorder,Connor KM and Davidson JR,Int Clin Psychopharmacol,2002,Randomized controlled trial,1,/compounds/kava/
12140984,,[Identification of fragmented bodies of the killed from group burials],Kolkutin VV et al.,Voen Med Zh,2002,Unclassified,1,/herbs/phosphatidylserine/
12467979,10.1016/s0166-6851(02)00235-9,A putative novel nuclear-encoded subunit of the cytochrome c oxidase complex in trypanosomatids,Maslov DA et al.,Mol Biochem Parasitol,2002,Unclassified,1,/compounds/melatonin/
12494336,10.1055/s-2002-36338,Kavalactones and dihydrokavain modulate GABAergic activity in a rat gastric-brainstem preparation,Yuan CS et al.,Planta Med,2002,Unclassified,1,/compounds/dihydrokavain/
12542115,10.2143/AC.57.6.2005461,Evolution of the mortality rate in the age class of 75-84 years worldwide,Kesteloot H,Acta Cardiol,2002,Unclassified,1,/herbs/ginger/
12597258,10.1097/00005082-200207000-00002,Hawthorn,Fong HH and Bauman JL,J Cardiovasc Nurs,2002,Narrative review,1,/herbs/crataegus-monogyna/
15748367,,"Evaluating the efficiency of a combination of Pygeum africanum and stinging nettle (Urtica dioica) extracts in treating benign prostatic hyperplasia (BPH): double-blind, randomized, placebo controlled trial",Melo EA et al.,Int Braz J Urol,2002,Unclassified,1,/compounds/pygeum/
11275030,10.1016/s0029-7844(00)01228-x,"Ginger for nausea and vomiting in pregnancy: randomized, double-masked, placebo-controlled trial",Vutyavanich T et al.,Obstet Gynecol,2001,Randomized controlled trial,1,/herbs/ginger/
11311045,10.1006/exer.2001.0980,The effect of aging on glutathione peroxidase-i knockout mice-resistance of the lens to oxidative stress,Spector A et al.,Exp Eye Res,2001,Unclassified,1,/compounds/vitamin-a/
11406863,10.1002/ptr.708,Mutagenicity and antioxidant assessment of Stachitarpheta jamaicensis (L.) Vahl,Ramos A et al.,Phytother Res,2001,Unclassified,1,/compounds/devils-claw/
11752510,10.1093/rheumatology/40.12.1388,Treatment of low back pain with a herbal or synthetic anti-rheumatic: a randomized controlled study. Willow bark extract for low back pain,Chrubasik S et al.,Rheumatology (Oxford),2001,Randomized controlled trial,1,/compounds/willow-bark-extract/
10675182,10.1016/S0140-6736(99)06457-0,Herb-drug interactions,Fugh-Berman A,Lancet,2000,Narrative review,9,/herbs/angelica-sinensis/ /herbs/danshen/ /herbs/dong-quai/ /herbs/garlic/ /herbs/glycyrrhiza-glabra/ /herbs/hypericum-perforatum/ /herbs/salvia-miltiorrhiza/ /herbs/st-johns-wort/ /herbs/yohimbe/
10767672,,Berberine,,Altern Med Rev,2000,Unclassified,1,/herbs/berberis-vulgaris/
10881250,10.1212/wnl.54.12.2261,"Galantamine in AD: A 6-month randomized, placebo-controlled trial with a 6-month extension. The Galantamine USA-1 Study Group",Raskind MA et al.,Neurology,2000,Randomized controlled trial,1,/compounds/galantamine/
10919969,10.1093/ajcn/72.2.624S,Selected herbals and human exercise performance,Bucci LR,Am J Clin Nutr,2000,Narrative review,2,/herbs/muira-puama/ /herbs/suma/
10372249,10.2337/diacare.22.6.960,A randomized double-blind trial of acarbose in type 2 diabetes shows improved glycemic control over 3 years (U.K. Prospective Diabetes Study 44),Holman RR et al.,Diabetes Care,1999,Randomized controlled trial,1,/compounds/acarbose/
10410847,10.1016/s0278-5919(05)70174-5,Creatine supplementation. Its role in human performance,Kraemer WJ and Volek JS,Clin Sports Med,1999,Narrative review,1,/compounds/hmb/
9820262,10.1001/jama.280.18.1596,Garcinia cambogia (hydroxycitric acid) as a potential antiobesity agent: a randomized controlled trial,Heymsfield SB et al.,JAMA,1998,Randomized controlled trial,1,/compounds/garcinia-cambogia-extract/
9878519,10.1006/bbrc.1998.9681,Bioavailability of ferulic acid,Bourne LC and Rice-Evans C,Biochem Biophys Res Commun,1998,Unclassified,1,/compounds/ferulic-acid/
9313662,,"A multicentric, placebo-controlled, double-blind clinical trial of beta-sitosterol (phytosterol) for the treatment of benign prostatic hyperplasia. German BPH-Phyto Study group",Klippel KF et al.,Br J Urol,1997,Randomized controlled trial,1,/compounds/beta-sitosterol/
8629725,10.2105/ajph.86.5.717,Tracking community sentinel events: breast cancer mortality and neighborhood risk for advanced-stage tumors in Denver,Andres TL et al.,Am J Public Health,1996,Unclassified,1,/herbs/tyrosine/
11362284,,Essiac,Majchrowicz MA,Notes Undergr,1995,Unclassified,1,/herbs/burdock/
1924160,10.1023/a:1015821527621,Pharmacokinetic study of an iridoid glucoside: aucubin,Suh NJ et al.,Pharm Res,1991,Unclassified,1,/compounds/aucubin/
33874310,10.1111/j.1469-8137.1991.tb00015.x,Reviews,,New Phytol,1991,Narrative review,1,/herbs/juniper/
